# UniProt_ID,P30542
# Target_name,AA1R_HUMAN Adenosine receptor A1
# Molecules_screened,1687
# Generated_at,2025-08-21T21:44:09
#
Rank,Drug Name,Target Name,Binding Score
1,beta-zeacarotene,AA1R_HUMAN,16.79
2,hexadrone,AA1R_HUMAN,22.39
3,thymol iodide,AA1R_HUMAN,30.04
4,epistane,AA1R_HUMAN,31.71
5,berberine hcl,AA1R_HUMAN,38.73
6,calcium salt,AA1R_HUMAN,42.17
7,boswellic acid,AA1R_HUMAN,44.05
8,egg yolk lecithin,AA1R_HUMAN,45.94
9,dehydroepiandrosterone,AA1R_HUMAN,47.07
10,schizandrol-a,AA1R_HUMAN,47.30
11,hydrastine,AA1R_HUMAN,49.04
12,stigmasterol,AA1R_HUMAN,51.29
13,canthaxanthin,AA1R_HUMAN,59.05
14,berberine sulfate,AA1R_HUMAN,76.58
15,methylclostebol,AA1R_HUMAN,76.60
16,phosphatidyl glycerol,AA1R_HUMAN,79.58
17,bacosine,AA1R_HUMAN,81.12
18,androstenedione,AA1R_HUMAN,83.20
19,cephaline,AA1R_HUMAN,83.20
20,cyproheptadine hydrochloride,AA1R_HUMAN,87.86
21,gamma carotene,AA1R_HUMAN,89.19
22,decursinol,AA1R_HUMAN,94.26
23,galantamine hydrobromide,AA1R_HUMAN,103.18
24,carbomer,AA1R_HUMAN,111.79
25,phosphatidylserine,AA1R_HUMAN,119.97
26,artemisinin,AA1R_HUMAN,134.40
27,ginkgolide a,AA1R_HUMAN,136.43
28,cardarine,AA1R_HUMAN,149.63
29,vat,AA1R_HUMAN,153.29
30,chebulic acid,AA1R_HUMAN,158.78
31,3;5-diiodothyronine,AA1R_HUMAN,160.47
32,19-norandrostenediol,AA1R_HUMAN,162.97
33,heather,AA1R_HUMAN,164.92
34,procyanidol,AA1R_HUMAN,172.66
35,egc,AA1R_HUMAN,180.92
36,calendula,AA1R_HUMAN,183.27
37,cannabinol,AA1R_HUMAN,207.65
38,astaxanthin,AA1R_HUMAN,210.15
39,pac,AA1R_HUMAN,218.75
40,pgx,AA1R_HUMAN,223.90
41,fgf,AA1R_HUMAN,225.63
42,parthenolide,AA1R_HUMAN,226.05
43,igd,AA1R_HUMAN,226.74
44,cryptoxanthin,AA1R_HUMAN,234.11
45,yk-11,AA1R_HUMAN,242.38
46,spectra,AA1R_HUMAN,242.70
47,betulinic acid,AA1R_HUMAN,245.75
48,dimethazine,AA1R_HUMAN,245.94
49,1-androsterone,AA1R_HUMAN,246.64
50,vincamine,AA1R_HUMAN,258.45
51,catechin,AA1R_HUMAN,263.86
52,beta-sitosterol,AA1R_HUMAN,265.94
53,hydroxycobalamin,AA1R_HUMAN,267.95
54,alpha-carotene,AA1R_HUMAN,268.43
55,epo,AA1R_HUMAN,269.46
56,cocarboxylase,AA1R_HUMAN,270.04
57,thiamine pyrophosphate,AA1R_HUMAN,276.72
58,pregnenolone,AA1R_HUMAN,277.03
59,furazadrol,AA1R_HUMAN,277.48
60,vitamin d2,AA1R_HUMAN,281.41
61,terpinen-4-ol,AA1R_HUMAN,284.48
62,camphene,AA1R_HUMAN,301.08
63,matrix,AA1R_HUMAN,307.40
64,l-tetrahydropalmatine,AA1R_HUMAN,310.31
65,lgd,AA1R_HUMAN,315.46
66,cbda,AA1R_HUMAN,316.22
67,cannabinoids,AA1R_HUMAN,324.70
68,hop,AA1R_HUMAN,324.86
69,cycloastragenol,AA1R_HUMAN,325.79
70,cbdv,AA1R_HUMAN,328.36
71,9-hydroxy-alpha-naphthoflavone,AA1R_HUMAN,331.55
72,cascaroside a,AA1R_HUMAN,339.24
73,campestrol,AA1R_HUMAN,339.36
74,berberine sulfate hydrate,AA1R_HUMAN,345.27
75,capsanthin,AA1R_HUMAN,348.74
76,ginkgolide b,AA1R_HUMAN,352.22
77,oleanic acid,AA1R_HUMAN,353.27
78,tannic acid,AA1R_HUMAN,355.01
79,methyl b12,AA1R_HUMAN,356.70
80,momordicin,AA1R_HUMAN,358.27
81,oleoresin,AA1R_HUMAN,369.67
82,chlorophyll,AA1R_HUMAN,372.20
83,bel,AA1R_HUMAN,372.63
84,fucoxanthin,AA1R_HUMAN,377.67
85,inositol hexaphosphate,AA1R_HUMAN,380.67
86,gugulipid,AA1R_HUMAN,381.71
87,lignan,AA1R_HUMAN,404.34
88,7-alpha-methyl-estra-4-ene-3;17-dione,AA1R_HUMAN,409.66
89,lipstatin,AA1R_HUMAN,420.25
90,chlorophyllin,AA1R_HUMAN,431.06
91,ginsenosides,AA1R_HUMAN,438.29
92,lgd 3303,AA1R_HUMAN,439.58
93,d-beta-tocopherol,AA1R_HUMAN,440.69
94,dong quai,AA1R_HUMAN,444.54
95,mitoq,AA1R_HUMAN,448.18
96,menaquinone,AA1R_HUMAN,454.49
97,vitexin-2-rhamnoside,AA1R_HUMAN,456.14
98,vitamin a,AA1R_HUMAN,461.46
99,cardiolipin,AA1R_HUMAN,470.06
100,vitamin b12,AA1R_HUMAN,471.22
101,b12,AA1R_HUMAN,477.68
102,harpagoside,AA1R_HUMAN,485.91
103,dihydrocapsaicin,AA1R_HUMAN,505.55
104,cyanidin-3-rutinoside,AA1R_HUMAN,505.60
105,theaflavins,AA1R_HUMAN,513.67
106,riboflavin,AA1R_HUMAN,520.52
107,19-nordehydroepiandrosterone,AA1R_HUMAN,528.54
108,glycolipids,AA1R_HUMAN,535.83
109,cannabidiol,AA1R_HUMAN,552.01
110,bay,AA1R_HUMAN,569.16
111,dibencozide,AA1R_HUMAN,571.56
112,picroliv,AA1R_HUMAN,598.55
113,heme iron,AA1R_HUMAN,601.77
114,hematoporphyrin,AA1R_HUMAN,603.42
115,vitamin b-12,AA1R_HUMAN,604.76
116,d-alpha-tocopherol succinate,AA1R_HUMAN,614.36
117,oxygold,AA1R_HUMAN,620.44
118,peroxidase,AA1R_HUMAN,633.55
119,amino acids,AA1R_HUMAN,639.46
120,alpha-cedrene,AA1R_HUMAN,640.77
121,riboflavin 5'-phosphate sodium,AA1R_HUMAN,650.05
122,calcium magnesium phytate,AA1R_HUMAN,665.42
123,turkey rhubarb,AA1R_HUMAN,685.67
124,3;3'-diiodothyronine,AA1R_HUMAN,688.87
125,ginkgolide c,AA1R_HUMAN,691.38
126,d-delta-tocopherol,AA1R_HUMAN,691.66
127,6-gingerol,AA1R_HUMAN,696.43
128,carotenoids,AA1R_HUMAN,704.89
129,anatabine,AA1R_HUMAN,713.71
130,vinpocetine,AA1R_HUMAN,726.48
131,nucleosides,AA1R_HUMAN,726.98
132,ruscogenins,AA1R_HUMAN,731.03
133,chlorophyll a,AA1R_HUMAN,750.96
134,riboflavin hydrochloride,AA1R_HUMAN,762.39
135,beta-carotene,AA1R_HUMAN,765.05
136,agnuside,AA1R_HUMAN,769.43
137,p73,AA1R_HUMAN,772.15
138,tokyo violet,AA1R_HUMAN,776.09
139,6-paradol,AA1R_HUMAN,778.96
140,cex,AA1R_HUMAN,782.20
141,egcg,AA1R_HUMAN,785.05
142,rad140,AA1R_HUMAN,804.09
143,baicalin,AA1R_HUMAN,811.67
144,methylstenbolone,AA1R_HUMAN,816.66
145,schizandrol a,AA1R_HUMAN,819.16
146,octyl gallate,AA1R_HUMAN,853.63
147,s-23,AA1R_HUMAN,861.54
148,yellows,AA1R_HUMAN,862.67
149,mitragynine,AA1R_HUMAN,867.05
150,triterpenes,AA1R_HUMAN,876.34
151,3-iodotyrosine,AA1R_HUMAN,881.50
152,d-gamma-tocotrienol,AA1R_HUMAN,903.96
153,adenosylcobalamin,AA1R_HUMAN,914.90
154,serotonin,AA1R_HUMAN,931.77
155,tianeptine sodium,AA1R_HUMAN,933.32
156,7;8-dihydroxyflavone,AA1R_HUMAN,938.47
157,ethoxyquin,AA1R_HUMAN,938.64
158,zinc tannate,AA1R_HUMAN,944.35
159,zeaxanthin,AA1R_HUMAN,954.13
160,5-htp,AA1R_HUMAN,967.03
161,igm,AA1R_HUMAN,980.74
162,resveratrol,AA1R_HUMAN,992.47
163,proanthocyanidins,AA1R_HUMAN,1009.73
164,tetrahydrocannabivarin,AA1R_HUMAN,1019.41
165,adenosine triphosphate disodium,AA1R_HUMAN,1023.40
166,riboflavin sodium phosphate,AA1R_HUMAN,1025.74
167,capsaicin,AA1R_HUMAN,1031.06
168,l-glutathione,AA1R_HUMAN,1041.16
169,dehydroabietic acid,AA1R_HUMAN,1045.28
170,mk-7,AA1R_HUMAN,1052.10
171,withanolides,AA1R_HUMAN,1052.93
172,senna,AA1R_HUMAN,1057.17
173,l-methylfolate magnesium,AA1R_HUMAN,1076.85
174,epsilon-viniferin,AA1R_HUMAN,1080.23
175,s-adenosyl-methionine,AA1R_HUMAN,1092.11
176,s-adenosyl-l-methionine tosylate,AA1R_HUMAN,1111.16
177,lutein zeaxanthin,AA1R_HUMAN,1118.22
178,oxytocin,AA1R_HUMAN,1121.51
179,benfotiamine,AA1R_HUMAN,1127.13
180,valencene,AA1R_HUMAN,1185.77
181,methylcobalamin,AA1R_HUMAN,1212.22
182,cbc,AA1R_HUMAN,1215.09
183,osa,AA1R_HUMAN,1241.45
184,indian pink,AA1R_HUMAN,1252.43
185,proanthocyanidin,AA1R_HUMAN,1273.62
186,s-acetyl-l-glutathione,AA1R_HUMAN,1274.46
187,decursin,AA1R_HUMAN,1282.76
188,brassicasterol,AA1R_HUMAN,1283.63
189,nmn,AA1R_HUMAN,1291.14
190,palmitoylethanolamide,AA1R_HUMAN,1296.04
191,daucosterol,AA1R_HUMAN,1305.81
192,maslinic acid,AA1R_HUMAN,1318.69
193,ursolic acid,AA1R_HUMAN,1321.66
194,vinburnine,AA1R_HUMAN,1322.57
195,ferronyl iron,AA1R_HUMAN,1324.73
196,forslean,AA1R_HUMAN,1340.52
197,boron aspartate,AA1R_HUMAN,1344.47
198,higenamine hcl,AA1R_HUMAN,1344.60
199,n-benzoyl-l-phenylalanine methyl ester,AA1R_HUMAN,1350.93
200,vitexin,AA1R_HUMAN,1372.74
201,fucosterol,AA1R_HUMAN,1382.44
202,dihydroberberine,AA1R_HUMAN,1384.78
203,ethyl 3-[[(4-chlorophenyl)methyl-[(5-nitrothiophen-2-yl)methyl]amino]methyl]pyrrolidine-1-carboxylate,AA1R_HUMAN,1399.22
204,aminopeptidase,AA1R_HUMAN,1404.76
205,d-alpha-tocopheryl acetate,AA1R_HUMAN,1406.65
206,tannase,AA1R_HUMAN,1442.72
207,chlorophyllins,AA1R_HUMAN,1457.91
208,11-hydroxy-yohimbine,AA1R_HUMAN,1471.87
209,c3g,AA1R_HUMAN,1473.64
210,vitamin e,AA1R_HUMAN,1486.00
211,alpha-bisabolol,AA1R_HUMAN,1521.21
212,18-hydroxyeicosapentaenoic acid,AA1R_HUMAN,1529.19
213,s-adenosyl-l-methionine tosylate disulfate,AA1R_HUMAN,1548.87
214,tocophersolan,AA1R_HUMAN,1559.04
215,vitamin d3,AA1R_HUMAN,1584.27
216,ferronyl carbonyl iron,AA1R_HUMAN,1585.82
217,green tea leaves,AA1R_HUMAN,1592.96
218,ellagic acid,AA1R_HUMAN,1650.11
219,campesterol,AA1R_HUMAN,1668.55
220,monascin,AA1R_HUMAN,1694.33
221,berberine,AA1R_HUMAN,1700.32
222,adenosine triphosphate disodium salt,AA1R_HUMAN,1704.25
223,sequoiaflavone,AA1R_HUMAN,1754.05
224,gamma-tocopherol,AA1R_HUMAN,1763.71
225,adrenal,AA1R_HUMAN,1768.05
226,ankaflavin,AA1R_HUMAN,1770.59
227,borneol,AA1R_HUMAN,1770.93
228,hydroxypropyl beta cyclodextrin,AA1R_HUMAN,1772.76
229,erythrodiol,AA1R_HUMAN,1797.69
230,lignans,AA1R_HUMAN,1799.77
231,triacetyluridine,AA1R_HUMAN,1809.73
232,nicotinamide adenine dinucleotide,AA1R_HUMAN,1816.52
233,thiamine disulfide,AA1R_HUMAN,1867.48
234,cyanidin-3-glucoside,AA1R_HUMAN,1874.79
235,3;4-divanillyltetrahydrofuran,AA1R_HUMAN,1876.48
236,vitamin a palmitate,AA1R_HUMAN,1881.72
237,eye,AA1R_HUMAN,1893.38
238,nordihydrocapsaicin,AA1R_HUMAN,1904.35
239,deoxyribonucleic acid,AA1R_HUMAN,1905.59
240,peptan,AA1R_HUMAN,1919.20
241,oleocanthal,AA1R_HUMAN,1922.66
242,s-adenosyl l-methionine,AA1R_HUMAN,1928.65
243,zisu,AA1R_HUMAN,1931.82
244,phloridzin,AA1R_HUMAN,1937.55
245,isopropoxy isoflavone,AA1R_HUMAN,1958.01
246,carnosol,AA1R_HUMAN,1976.09
247,sfb,AA1R_HUMAN,1985.50
248,wogonin,AA1R_HUMAN,1994.84
249,guar,AA1R_HUMAN,1995.91
250,nobiletin,AA1R_HUMAN,1996.41
251,max lmg,AA1R_HUMAN,2013.77
252,vitamin k2,AA1R_HUMAN,2014.71
253,sesquiterpenes,AA1R_HUMAN,2018.22
254,rs5,AA1R_HUMAN,2066.84
255,seleno-di-glutathione,AA1R_HUMAN,2136.10
256,leucodelphinidin,AA1R_HUMAN,2141.53
257,terpinolene,AA1R_HUMAN,2148.84
258,bismuth subsalicylate,AA1R_HUMAN,2154.89
259,calcium-magnesium phytate,AA1R_HUMAN,2201.90
260,malt,AA1R_HUMAN,2257.48
261,tanshinone iia,AA1R_HUMAN,2267.12
262,adenosine 5'-triphosphate disodium,AA1R_HUMAN,2308.67
263,adenosine triphosphate,AA1R_HUMAN,2326.35
264,2-phenyl-benzo[h]chromen-4-one,AA1R_HUMAN,2327.84
265,corosolic acid,AA1R_HUMAN,2331.77
266,benzalkonium chloride,AA1R_HUMAN,2376.13
267,folinic acid,AA1R_HUMAN,2377.52
268,hecogenin acetate,AA1R_HUMAN,2386.96
269,higenamine,AA1R_HUMAN,2428.88
270,inositol nicotinate,AA1R_HUMAN,2503.07
271,bilobalide,AA1R_HUMAN,2512.45
272,mix,AA1R_HUMAN,2568.92
273,delphinidin,AA1R_HUMAN,2576.23
274,vitamin,AA1R_HUMAN,2609.75
275,cyanidin,AA1R_HUMAN,2616.55
276,coq10,AA1R_HUMAN,2630.17
277,colour,AA1R_HUMAN,2685.62
278,25-deoxy-20-hydroxyecdysone,AA1R_HUMAN,2696.86
279,nas,AA1R_HUMAN,2709.48
280,chromium dinicotinate glycinate,AA1R_HUMAN,2742.37
281,igg,AA1R_HUMAN,2818.58
282,ace,AA1R_HUMAN,2847.42
283,phosphatidic acid,AA1R_HUMAN,2857.85
284,flavin adenine dinucleotide,AA1R_HUMAN,2887.38
285,alpha ketoglutaric acid,AA1R_HUMAN,2915.77
286,cannabinoid,AA1R_HUMAN,2944.61
287,ginsenoside rg3,AA1R_HUMAN,2955.93
288,l-methylfolate calcium,AA1R_HUMAN,3003.99
289,safranal,AA1R_HUMAN,3012.53
290,tryptamine,AA1R_HUMAN,3021.56
291,hypericin,AA1R_HUMAN,3044.75
292,activin,AA1R_HUMAN,3045.37
293,aniracetam,AA1R_HUMAN,3085.24
294,sotetsuflavone,AA1R_HUMAN,3105.63
295,parthenium,AA1R_HUMAN,3136.77
296,tocotrienols,AA1R_HUMAN,3139.32
297,chromium nicotinate,AA1R_HUMAN,3153.66
298,ginkgetin,AA1R_HUMAN,3165.82
299,(2s)-3-(4-cyanophenoxy)-n-[4-cyano-3-(trifluoromethyl)phenyl]-2-hydroxy-2-methylpropanamide,AA1R_HUMAN,3235.28
300,adrafinil,AA1R_HUMAN,3251.85
301,hwg,AA1R_HUMAN,3259.49
302,tetradecylthioacetic acid,AA1R_HUMAN,3282.30
303,tgf-alpha,AA1R_HUMAN,3316.10
304,chromium gtf,AA1R_HUMAN,3323.47
305,neoxanthin,AA1R_HUMAN,3379.92
306,hypericum,AA1R_HUMAN,3477.41
307,progesterone,AA1R_HUMAN,3524.13
308,isosilybin,AA1R_HUMAN,3531.41
309,docosapentaenoic acid ethyl ester,AA1R_HUMAN,3536.42
310,emodin,AA1R_HUMAN,3591.96
311,opc,AA1R_HUMAN,3593.00
312,saponins,AA1R_HUMAN,3598.49
313,gkg,AA1R_HUMAN,3629.39
314,cyclodextrin,AA1R_HUMAN,3632.58
315,galangin,AA1R_HUMAN,3637.07
316,phenylpiracetam,AA1R_HUMAN,3640.57
317,bis picolinato oxo vanadium,AA1R_HUMAN,3691.51
318,probiotic,AA1R_HUMAN,3718.66
319,nadh,AA1R_HUMAN,3739.70
320,acetyl l-carnitine arginate,AA1R_HUMAN,3777.37
321,calcium folinate,AA1R_HUMAN,3787.63
322,para-aminobenzoate,AA1R_HUMAN,3860.05
323,delphinidin-3-rutinoside,AA1R_HUMAN,3897.34
324,epiandrosterone,AA1R_HUMAN,3907.63
325,diclofenac,AA1R_HUMAN,3932.21
326,escin,AA1R_HUMAN,3945.40
327,5-methoxytryptamine hcl,AA1R_HUMAN,3947.17
328,dim,AA1R_HUMAN,3963.28
329,alpha-pinene,AA1R_HUMAN,3984.14
330,corynine,AA1R_HUMAN,4009.79
331,intrinsic factor,AA1R_HUMAN,4022.48
332,acetogenins,AA1R_HUMAN,4054.72
333,baicalein,AA1R_HUMAN,4091.32
334,quatrefolic,AA1R_HUMAN,4150.46
335,d-beta-tocotrienol,AA1R_HUMAN,4188.09
336,ligustilide,AA1R_HUMAN,4211.53
337,eicosatetraenoic acid,AA1R_HUMAN,4211.96
338,diosgenin,AA1R_HUMAN,4226.20
339,wintergreen,AA1R_HUMAN,4334.90
340,lariciresinol,AA1R_HUMAN,4371.78
341,serrapeptase,AA1R_HUMAN,4409.60
342,diosmetin,AA1R_HUMAN,4483.12
343,carnosic acid,AA1R_HUMAN,4489.92
344,l-theanine,AA1R_HUMAN,4513.51
345,gamma cyclodextrin,AA1R_HUMAN,4522.86
346,enoxin,AA1R_HUMAN,4524.59
347,saponin,AA1R_HUMAN,4554.37
348,ipriflavone,AA1R_HUMAN,4596.07
349,phytol,AA1R_HUMAN,4626.58
350,d-delta-tocotrienol,AA1R_HUMAN,4663.19
351,glycodeoxycholic acid,AA1R_HUMAN,4669.14
352,triphosphate,AA1R_HUMAN,4742.02
353,phyllemblin,AA1R_HUMAN,4760.33
354,chondroitin sulfate,AA1R_HUMAN,4829.62
355,kava,AA1R_HUMAN,4890.40
356,geranyl acetate,AA1R_HUMAN,4974.17
357,cholesterol,AA1R_HUMAN,4999.41
358,quercetin dihydrate,AA1R_HUMAN,5023.31
359,petunidin,AA1R_HUMAN,5026.11
360,phytofluene,AA1R_HUMAN,5054.02
361,fd&c red 40,AA1R_HUMAN,5078.74
362,tianeptine,AA1R_HUMAN,5095.21
363,propyl gallate,AA1R_HUMAN,5095.57
364,isoquercetin,AA1R_HUMAN,5099.53
365,malvidin,AA1R_HUMAN,5152.65
366,eicosapentaenoic acid ethyl ester,AA1R_HUMAN,5204.22
367,magnesium l-aspartate,AA1R_HUMAN,5232.96
368,nicotinamide riboside,AA1R_HUMAN,5252.57
369,theophylline,AA1R_HUMAN,5272.57
370,coluracetam,AA1R_HUMAN,5293.38
371,3beta-acetoxy-5alpha-androstan-17-one,AA1R_HUMAN,5304.62
372,octadecatetraenoic acid,AA1R_HUMAN,5336.86
373,kaempferide,AA1R_HUMAN,5346.26
374,pepsin,AA1R_HUMAN,5380.11
375,silychristin,AA1R_HUMAN,5388.90
376,valerenic acid,AA1R_HUMAN,5441.42
377,nicotinamide riboside chloride,AA1R_HUMAN,5460.34
378,5-methoxytryptamine,AA1R_HUMAN,5462.04
379,dan-shen,AA1R_HUMAN,5495.23
380,isopropyl myristate,AA1R_HUMAN,5518.45
381,11-keto-beta-boswellic acid,AA1R_HUMAN,5542.51
382,myricetin,AA1R_HUMAN,5577.51
383,hexadecenoic acid,AA1R_HUMAN,5681.48
384,turkesterone,AA1R_HUMAN,5694.74
385,xanthophyll,AA1R_HUMAN,5760.38
386,tributyrin,AA1R_HUMAN,5772.78
387,red squill,AA1R_HUMAN,5815.80
388,3-n-butylphthalide,AA1R_HUMAN,5831.01
389,centellin,AA1R_HUMAN,5837.39
390,n-methyltyramine hcl,AA1R_HUMAN,5895.23
391,p-6,AA1R_HUMAN,5917.38
392,quercetin,AA1R_HUMAN,5924.70
393,piperlongumine,AA1R_HUMAN,5969.32
394,yohimbine hcl,AA1R_HUMAN,5989.00
395,tauroxicum,AA1R_HUMAN,6000.40
396,n-acetyl-cysteine,AA1R_HUMAN,6019.53
397,norepinephrine,AA1R_HUMAN,6029.66
398,ibutamoren,AA1R_HUMAN,6055.81
399,zingiberene,AA1R_HUMAN,6129.72
400,vanilla,AA1R_HUMAN,6156.47
401,taurocholic acid,AA1R_HUMAN,6188.91
402,bergamot oil,AA1R_HUMAN,6252.59
403,taxifolin,AA1R_HUMAN,6302.60
404,luteolin-7-o-glucoside,AA1R_HUMAN,6339.49
405,lotus,AA1R_HUMAN,6342.82
406,gamma oryzanol,AA1R_HUMAN,6392.18
407,folic acid,AA1R_HUMAN,6430.25
408,nicotinoyl-gaba,AA1R_HUMAN,6444.36
409,lycopene,AA1R_HUMAN,6465.95
410,acacetin,AA1R_HUMAN,6564.63
411,tetracosenoic acid,AA1R_HUMAN,6622.93
412,neurosyn,AA1R_HUMAN,6639.31
413,epf,AA1R_HUMAN,6639.97
414,triterpenoids,AA1R_HUMAN,6671.00
415,fisetin,AA1R_HUMAN,6681.71
416,apigenin,AA1R_HUMAN,6800.86
417,arginine malate,AA1R_HUMAN,6827.87
418,piceid,AA1R_HUMAN,6839.95
419,xanthinol nicotinate,AA1R_HUMAN,6875.91
420,uridine 5'-monophosphate disodium salt,AA1R_HUMAN,6879.13
421,l-arginine aspartate,AA1R_HUMAN,6975.40
422,d-alpha-tocotrienol,AA1R_HUMAN,6976.69
423,sodium starch glycolate,AA1R_HUMAN,7093.51
424,17-hydroxydocosahexaenoic acid,AA1R_HUMAN,7104.80
425,hemicellulase,AA1R_HUMAN,7115.43
426,l-carnitine orotate,AA1R_HUMAN,7147.15
427,iron picolinate,AA1R_HUMAN,7150.32
428,resolvin d5,AA1R_HUMAN,7171.00
429,5a-hydroxy laxogenin,AA1R_HUMAN,7247.92
430,halodrol,AA1R_HUMAN,7315.50
431,zinc picolinate,AA1R_HUMAN,7350.42
432,sorbitan oleate,AA1R_HUMAN,7363.10
433,salvianolic acid b,AA1R_HUMAN,7445.22
434,chrysin,AA1R_HUMAN,7450.42
435,potassium benzoate,AA1R_HUMAN,7456.15
436,14-hydroxydocosahexaenoic acid,AA1R_HUMAN,7466.57
437,muscarine,AA1R_HUMAN,7467.59
438,thioproline,AA1R_HUMAN,7482.73
439,indigo,AA1R_HUMAN,7560.29
440,7-hydroxymatairesinol,AA1R_HUMAN,7560.72
441,miliacin,AA1R_HUMAN,7576.77
442,taurochenodeoxycholic acid,AA1R_HUMAN,7599.25
443,n-acetyl-l-cystine,AA1R_HUMAN,7691.88
444,xos,AA1R_HUMAN,7697.57
445,beta-pinene,AA1R_HUMAN,7711.32
446,igf,AA1R_HUMAN,7745.33
447,6-keto-diosgenin,AA1R_HUMAN,7775.95
448,ascorbigen,AA1R_HUMAN,7797.15
449,potassium fumarate,AA1R_HUMAN,7824.86
450,dioscin,AA1R_HUMAN,7873.47
451,tricreatine malate,AA1R_HUMAN,7915.88
452,hyperforin,AA1R_HUMAN,7917.49
453,elm,AA1R_HUMAN,7926.87
454,pseudoprotodioscin,AA1R_HUMAN,7938.03
455,lactucopicrin,AA1R_HUMAN,7940.27
456,kava kava,AA1R_HUMAN,8035.73
457,oleuropein aglycone,AA1R_HUMAN,8144.33
458,malic acid,AA1R_HUMAN,8170.39
459,dicreatine malate,AA1R_HUMAN,8170.78
460,copper citrate,AA1R_HUMAN,8232.28
461,tudca sodium,AA1R_HUMAN,8251.29
462,mk-677,AA1R_HUMAN,8303.19
463,andarine,AA1R_HUMAN,8319.92
464,p5p,AA1R_HUMAN,8325.42
465,cannabis,AA1R_HUMAN,8400.96
466,sesamin,AA1R_HUMAN,8429.15
467,lysozyme chloride,AA1R_HUMAN,8442.29
468,magnesium orotate,AA1R_HUMAN,8704.27
469,aurantium,AA1R_HUMAN,8750.54
470,pyridoxal 5-phosphate,AA1R_HUMAN,8774.83
471,glycochenodeoxycholic acid,AA1R_HUMAN,8807.37
472,creatinol-o-phosphate,AA1R_HUMAN,8814.55
473,cetyl caprate,AA1R_HUMAN,8823.24
474,11-oxo,AA1R_HUMAN,8869.54
475,cbga,AA1R_HUMAN,8894.14
476,l-citrulline,AA1R_HUMAN,8942.01
477,arjunolic acid,AA1R_HUMAN,9050.96
478,taurodeoxycholic acid,AA1R_HUMAN,9076.34
479,fibroblast growth factor,AA1R_HUMAN,9095.86
480,amylase,AA1R_HUMAN,9168.20
481,l-citrulline monohydrate,AA1R_HUMAN,9218.46
482,tricreatine citrate,AA1R_HUMAN,9225.53
483,caprylic acid triglyceride,AA1R_HUMAN,9247.22
484,fenchol,AA1R_HUMAN,9260.51
485,cetyl stearate,AA1R_HUMAN,9349.17
486,pantotheine,AA1R_HUMAN,9366.41
487,2'-deoxyguanosine,AA1R_HUMAN,9368.29
488,pyrroloquinoline quinone disodium salt,AA1R_HUMAN,9408.34
489,monosodium l-glutamate,AA1R_HUMAN,9412.26
490,bala,AA1R_HUMAN,9425.64
491,hydroxypropyl-beta-cyclodextrin,AA1R_HUMAN,9526.81
492,bacoside a3,AA1R_HUMAN,9538.46
493,progenin iii,AA1R_HUMAN,9541.58
494,myricitrin,AA1R_HUMAN,9550.93
495,allin,AA1R_HUMAN,9569.23
496,gamma-terpinene,AA1R_HUMAN,9578.19
497,n-phenylethyl dimethylamine citrate,AA1R_HUMAN,9594.43
498,methylparaben,AA1R_HUMAN,9638.83
499,turmerone,AA1R_HUMAN,9728.26
500,magnesium ascorbyl phosphate,AA1R_HUMAN,9767.62
501,biopterin,AA1R_HUMAN,9800.43
502,5;7-dimethoxyflavone,AA1R_HUMAN,9811.66
503,petasin,AA1R_HUMAN,9826.03
504,gravel,AA1R_HUMAN,9884.24
505,anthocyanins,AA1R_HUMAN,9900.57
506,mannanase,AA1R_HUMAN,9908.57
507,arginine ketoisocaproate,AA1R_HUMAN,9984.25
508,andrographolide,AA1R_HUMAN,10001.27
509,protodioscin,AA1R_HUMAN,10002.02
510,guaiol,AA1R_HUMAN,10028.59
511,propylparaben,AA1R_HUMAN,10032.13
512,asiaticoside,AA1R_HUMAN,10042.44
513,monacolin k,AA1R_HUMAN,10107.91
514,shellfish,AA1R_HUMAN,10114.04
515,ec,AA1R_HUMAN,10222.76
516,chitinase,AA1R_HUMAN,10233.74
517,sitostanol,AA1R_HUMAN,10238.12
518,silydianin,AA1R_HUMAN,10241.54
519,citrulline hydrochloride,AA1R_HUMAN,10313.74
520,docosahexaenoic acid ethyl ester,AA1R_HUMAN,10342.84
521,melatonin,AA1R_HUMAN,10369.55
522,oleuropein,AA1R_HUMAN,10390.23
523,magnesium glycerophosphate,AA1R_HUMAN,10413.54
524,thymol,AA1R_HUMAN,10421.52
525,vitamin b-6,AA1R_HUMAN,10443.84
526,ivy,AA1R_HUMAN,10490.01
527,artesunate,AA1R_HUMAN,10536.30
528,magnesium fumarate,AA1R_HUMAN,10562.53
529,bile,AA1R_HUMAN,10623.86
530,n-methyltyramine,AA1R_HUMAN,10653.28
531,aucubin,AA1R_HUMAN,10664.85
532,inositol phosphate,AA1R_HUMAN,10679.03
533,mulberroside a,AA1R_HUMAN,10691.29
534,zinc orotate,AA1R_HUMAN,10793.29
535,taurine alpha-ketoglutarate,AA1R_HUMAN,10868.42
536,l-argininate,AA1R_HUMAN,10904.29
537,eds,AA1R_HUMAN,10926.21
538,4-hydroxyandrostenedione,AA1R_HUMAN,10927.95
539,calcium orotate,AA1R_HUMAN,10948.02
540,sodium lauryl sulfate,AA1R_HUMAN,10983.13
541,n-methyl-beta-phenylethylamine,AA1R_HUMAN,11017.80
542,7-methoxy-8-(3-methylbut-2-en-1-yl)-2h-chromen-2-one,AA1R_HUMAN,11045.63
543,(z)-n-(2-hydroxyethyl)octadec-9-enamide,AA1R_HUMAN,11082.53
544,huperzine a,AA1R_HUMAN,11108.81
545,6-bromo,AA1R_HUMAN,11133.85
546,quercetin chalcone,AA1R_HUMAN,11164.86
547,citrus,AA1R_HUMAN,11175.64
548,dehydroepiandrosterone enanthate,AA1R_HUMAN,11200.08
549,kaempferol,AA1R_HUMAN,11212.20
550,methyl protodioscin,AA1R_HUMAN,11216.41
551,3-acetyl-11-keto-beta-boswellic acid,AA1R_HUMAN,11298.49
552,vitamin a acetate,AA1R_HUMAN,11333.87
553,zinc-l-carnosine,AA1R_HUMAN,11379.12
554,ptc,AA1R_HUMAN,11411.89
555,isopropylnorsynephrine,AA1R_HUMAN,11412.55
556,hydroxytyrosol acetate,AA1R_HUMAN,11511.60
557,tangeretin,AA1R_HUMAN,11659.71
558,dicreatine citrate,AA1R_HUMAN,11691.33
559,cetyl palmitate,AA1R_HUMAN,11698.44
560,isovitexin,AA1R_HUMAN,11762.04
561,copper gluconate,AA1R_HUMAN,11784.74
562,eucalyptol,AA1R_HUMAN,11944.73
563,lithium aspartate,AA1R_HUMAN,11953.96
564,choline dihydrogen citrate,AA1R_HUMAN,12050.78
565,magnesium pidolate,AA1R_HUMAN,12114.34
566,cetyl laurate,AA1R_HUMAN,12177.31
567,theobromine hydrochloride,AA1R_HUMAN,12189.39
568,dmz,AA1R_HUMAN,12211.03
569,theobromine,AA1R_HUMAN,12227.82
570,raspberry ketone,AA1R_HUMAN,12323.69
571,hesperitin,AA1R_HUMAN,12328.69
572,bismuth gluconate,AA1R_HUMAN,12332.07
573,pantethine,AA1R_HUMAN,12390.49
574,bile salt,AA1R_HUMAN,12516.03
575,cetyl myristate,AA1R_HUMAN,12586.50
576,potassium lactate,AA1R_HUMAN,12627.09
577,peony,AA1R_HUMAN,12627.73
578,zinc arginine,AA1R_HUMAN,12730.48
579,riboflavin 5' phosphate,AA1R_HUMAN,12787.56
580,isoliquiritigenin,AA1R_HUMAN,12801.80
581,cbg,AA1R_HUMAN,12857.97
582,methylliberine,AA1R_HUMAN,12858.77
583,gamma-butyrobetaine,AA1R_HUMAN,12900.27
584,dha,AA1R_HUMAN,12985.83
585,caraway,AA1R_HUMAN,13150.91
586,3-acetyl-beta boswellic acid,AA1R_HUMAN,13312.53
587,doxylamine succinate,AA1R_HUMAN,13350.73
588,mct,AA1R_HUMAN,13360.05
589,phytoestrogen,AA1R_HUMAN,13708.61
590,captex,AA1R_HUMAN,13724.30
591,hydroquinine,AA1R_HUMAN,13807.11
592,glycine-l-arginine,AA1R_HUMAN,13869.44
593,camphor,AA1R_HUMAN,13876.06
594,pyrroloquinoline quinone disodium,AA1R_HUMAN,13967.06
595,citrulline malate,AA1R_HUMAN,13967.25
596,vitamin u,AA1R_HUMAN,14041.84
597,synephrine,AA1R_HUMAN,14056.99
598,zinc-carnosine,AA1R_HUMAN,14062.31
599,salidroside,AA1R_HUMAN,14070.28
600,hederacoside c,AA1R_HUMAN,14079.79
601,ubiquinol,AA1R_HUMAN,14100.37
602,eugenol,AA1R_HUMAN,14221.48
603,nerolidol,AA1R_HUMAN,14256.96
604,dipotassium phosphate,AA1R_HUMAN,14259.73
605,astragalosides,AA1R_HUMAN,14260.68
606,magnesium salicylate,AA1R_HUMAN,14349.27
607,potassium orotate,AA1R_HUMAN,14406.12
608,magnesium glycinate,AA1R_HUMAN,14412.27
609,ethyl linoleate,AA1R_HUMAN,14420.67
610,caffeine citrate,AA1R_HUMAN,14451.41
611,caryophyllene oxide,AA1R_HUMAN,14470.08
612,l-leucine ethyl ester hydrochloride,AA1R_HUMAN,14515.23
613,dehydrocholic acid,AA1R_HUMAN,14524.30
614,miroestrol,AA1R_HUMAN,14527.32
615,centrophenoxine,AA1R_HUMAN,14612.76
616,carnitine fumarate,AA1R_HUMAN,14614.33
617,7;4'-dimethoxyflavone,AA1R_HUMAN,14678.86
618,gs4,AA1R_HUMAN,14693.47
619,dihydromyricetin,AA1R_HUMAN,14733.39
620,l-arginine hydrochloride,AA1R_HUMAN,14768.56
621,zingerone,AA1R_HUMAN,14794.05
622,calcium pangamate,AA1R_HUMAN,14821.97
623,lignins,AA1R_HUMAN,14902.70
624,saikosaponin a,AA1R_HUMAN,14950.60
625,lysophosphatidylcholine,AA1R_HUMAN,14964.89
626,humic acid,AA1R_HUMAN,14966.17
627,zinc difumarate hydrate,AA1R_HUMAN,15004.84
628,moranoline,AA1R_HUMAN,15106.11
629,ferrous asparto glycinate,AA1R_HUMAN,15215.55
630,guanosine,AA1R_HUMAN,15223.55
631,27-deoxyactein,AA1R_HUMAN,15320.30
632,rutin,AA1R_HUMAN,15405.28
633,nefiracetam,AA1R_HUMAN,15469.91
634,cola,AA1R_HUMAN,15475.71
635,n-phenethyldimethylamine,AA1R_HUMAN,15476.49
636,synephrine hcl,AA1R_HUMAN,15590.56
637,glucosamine sulfate sodium chloride,AA1R_HUMAN,15618.21
638,magnesium phosphate,AA1R_HUMAN,15618.43
639,ornithine alpha-ketoglutarate,AA1R_HUMAN,15630.11
640,amentoflavone,AA1R_HUMAN,15637.13
641,trans-geranylgeraniol,AA1R_HUMAN,15788.59
642,l-ornithine alpha-ketoglutarate,AA1R_HUMAN,15866.15
643,deoxycholic acid,AA1R_HUMAN,15944.85
644,verbascoside,AA1R_HUMAN,15950.72
645,mediator,AA1R_HUMAN,16045.10
646,caffeine,AA1R_HUMAN,16064.29
647,allithiamine,AA1R_HUMAN,16113.11
648,sodium benzoate,AA1R_HUMAN,16158.20
649,protease,AA1R_HUMAN,16168.31
650,glucosamine sulfate,AA1R_HUMAN,16269.35
651,mogroside v,AA1R_HUMAN,16353.10
652,acetyl-l-carnitine arginate,AA1R_HUMAN,16364.93
653,lactium,AA1R_HUMAN,16368.59
654,d-glucosamine sulfate,AA1R_HUMAN,16374.16
655,pulegone,AA1R_HUMAN,16453.10
656,halostachine,AA1R_HUMAN,16465.86
657,riboflavin-5'-phosphate,AA1R_HUMAN,16486.69
658,diglycerides,AA1R_HUMAN,16562.25
659,fumaric acid,AA1R_HUMAN,16582.48
660,bpf,AA1R_HUMAN,16617.49
661,l-hydroxylysine,AA1R_HUMAN,16824.36
662,ajoene,AA1R_HUMAN,16906.98
663,7-methoxy-5-methyl-3-phenyl-chromen-4-one,AA1R_HUMAN,17064.82
664,oligofructose,AA1R_HUMAN,17153.49
665,divanil,AA1R_HUMAN,17156.76
666,arginine alpha-ketoglutarate,AA1R_HUMAN,17173.57
667,potassium aspartate,AA1R_HUMAN,17259.61
668,n-coumaroyldopamine,AA1R_HUMAN,17272.20
669,vanilla flavor,AA1R_HUMAN,17331.14
670,phosphatidylethanolamine,AA1R_HUMAN,17462.19
671,7-keto-dehydroepiandrosterone acetate,AA1R_HUMAN,17551.94
672,lentinan,AA1R_HUMAN,17610.16
673,caffeine hydrochloride,AA1R_HUMAN,17633.24
674,sgs,AA1R_HUMAN,17673.18
675,gamma-butyrobetaine ethyl ester,AA1R_HUMAN,17695.29
676,ngf,AA1R_HUMAN,17702.23
677,androstenolone acetate,AA1R_HUMAN,17704.47
678,docusate sodium,AA1R_HUMAN,17836.30
679,fullerene,AA1R_HUMAN,17842.78
680,sodium choleate,AA1R_HUMAN,17849.45
681,linalool,AA1R_HUMAN,17854.84
682,arginine ethyl ester dihydrochloride,AA1R_HUMAN,17889.93
683,arachidonic acid,AA1R_HUMAN,17895.57
684,eurycomanone,AA1R_HUMAN,17941.39
685,silymarin,AA1R_HUMAN,18019.42
686,mono ethyl fumarate,AA1R_HUMAN,18019.81
687,kelp,AA1R_HUMAN,18052.69
688,vanadium citrate,AA1R_HUMAN,18118.00
689,arginine ethyl ester hydrochloride,AA1R_HUMAN,18142.87
690,piracetam,AA1R_HUMAN,18178.36
691,5'-ump,AA1R_HUMAN,18258.47
692,glycosides,AA1R_HUMAN,18353.98
693,zinc malate,AA1R_HUMAN,18360.78
694,sodium d aspartate,AA1R_HUMAN,18565.47
695,n-methyl-d-aspartate,AA1R_HUMAN,18762.14
696,rutoside trihydrate,AA1R_HUMAN,18818.22
697,niacinamide ascorbate,AA1R_HUMAN,18839.03
698,glucuronic acid,AA1R_HUMAN,18839.56
699,dimagnesium phosphate,AA1R_HUMAN,19058.33
700,n;n-dimethylphenethylamine,AA1R_HUMAN,19075.76
701,matrine,AA1R_HUMAN,19391.72
702,potassium chlorite,AA1R_HUMAN,19399.27
703,phosphatase,AA1R_HUMAN,19435.04
704,l-ergothioneine,AA1R_HUMAN,19445.30
705,choline citrate,AA1R_HUMAN,19485.08
706,sdg,AA1R_HUMAN,19537.02
707,chromium histidinate,AA1R_HUMAN,19575.89
708,hyaluronan,AA1R_HUMAN,19592.58
709,7-methoxy-2-phenyl-chromen-4-one,AA1R_HUMAN,19602.33
710,quinine,AA1R_HUMAN,19610.68
711,acetylcholine,AA1R_HUMAN,19704.36
712,2'-deoxyadenosine,AA1R_HUMAN,19759.41
713,gkc,AA1R_HUMAN,19782.21
714,biochanin a,AA1R_HUMAN,19798.13
715,copper chlorophyllin,AA1R_HUMAN,19871.76
716,magnesium gluconate,AA1R_HUMAN,19925.32
717,magnesium-l-threonate,AA1R_HUMAN,19980.37
718,5-methyl-7-methoxyflavone,AA1R_HUMAN,20112.22
719,cellulase,AA1R_HUMAN,20117.03
720,monomagnesium di-l-aspartate,AA1R_HUMAN,20123.17
721,arjunic acid,AA1R_HUMAN,20184.73
722,soybean isoflavones,AA1R_HUMAN,20198.42
723,potassium phosphate,AA1R_HUMAN,20213.85
724,potassium sorbate,AA1R_HUMAN,20281.10
725,agar,AA1R_HUMAN,20298.73
726,acesulfame potassium,AA1R_HUMAN,20367.88
727,calcium malate,AA1R_HUMAN,20377.15
728,n-acetylglucosamine,AA1R_HUMAN,20385.98
729,anise oil,AA1R_HUMAN,20420.53
730,potassium d-glucarate,AA1R_HUMAN,20471.54
731,magnolol,AA1R_HUMAN,20475.28
732,glucosamine sulfate potassium chloride,AA1R_HUMAN,20484.91
733,indole-3-carbinol,AA1R_HUMAN,20495.11
734,silicate,AA1R_HUMAN,20516.97
735,potassium bicarbonate,AA1R_HUMAN,20585.93
736,citronella,AA1R_HUMAN,20595.06
737,n-acetyl-l-carnosine,AA1R_HUMAN,20746.49
738,bismuth subnitrate,AA1R_HUMAN,20763.88
739,glucomannan,AA1R_HUMAN,20768.81
740,citicoline,AA1R_HUMAN,20825.07
741,edta disodium,AA1R_HUMAN,20900.72
742,pangamic acid,AA1R_HUMAN,20947.64
743,acetyl-l-carnitine arginate dihydrochloride,AA1R_HUMAN,21153.64
744,gamma-butyrobetaine ethyl ester chloride,AA1R_HUMAN,21175.89
745,ha,AA1R_HUMAN,21216.74
746,r-lipoic acid,AA1R_HUMAN,21246.29
747,maltodextrin,AA1R_HUMAN,21338.67
748,alpha-terpineol,AA1R_HUMAN,21381.10
749,amylopectin,AA1R_HUMAN,21493.73
750,2(s)-amino-6-boronohexanoic acid,AA1R_HUMAN,21536.10
751,tripotassium phosphate,AA1R_HUMAN,21947.75
752,magnesia phosphorica,AA1R_HUMAN,21950.36
753,coumesterol,AA1R_HUMAN,21964.52
754,sucralose,AA1R_HUMAN,21968.94
755,salicin,AA1R_HUMAN,21989.49
756,creatine akg,AA1R_HUMAN,22075.47
757,bht,AA1R_HUMAN,22100.76
758,cannabivarin,AA1R_HUMAN,22264.07
759,arginine nitrate,AA1R_HUMAN,22290.65
760,cinnamaldehyde,AA1R_HUMAN,22302.26
761,galactomannan,AA1R_HUMAN,22469.30
762,arginine ethyl ester,AA1R_HUMAN,22502.67
763,d-limonene,AA1R_HUMAN,22510.68
764,calcium alpha-ketoglutarate,AA1R_HUMAN,22529.29
765,monopotassium aspartate,AA1R_HUMAN,22562.74
766,tetrasodium edta,AA1R_HUMAN,22662.96
767,menthol,AA1R_HUMAN,22672.12
768,paba,AA1R_HUMAN,22932.68
769,beta-fructofuranosidase,AA1R_HUMAN,22935.04
770,arginine pyroglutamate,AA1R_HUMAN,22956.39
771,l-carnitine,AA1R_HUMAN,22984.24
772,l-arginine monohydrate,AA1R_HUMAN,23165.88
773,panthenol,AA1R_HUMAN,23238.31
774,bergamottin,AA1R_HUMAN,23255.40
775,sodium hexametaphosphate,AA1R_HUMAN,23284.04
776,pinolenic acid,AA1R_HUMAN,23302.86
777,calcium formate,AA1R_HUMAN,23422.49
778,flavanone,AA1R_HUMAN,23520.90
779,talcum,AA1R_HUMAN,23529.85
780,nem,AA1R_HUMAN,23550.92
781,2'-fucosyllactose,AA1R_HUMAN,23675.13
782,apigenin-7-o-glucoside,AA1R_HUMAN,23693.33
783,beta-methylphenylethylamine hcl,AA1R_HUMAN,23749.28
784,galactooligosaccharide,AA1R_HUMAN,23758.87
785,ferrochel,AA1R_HUMAN,23832.52
786,squalene,AA1R_HUMAN,23883.00
787,stibnite,AA1R_HUMAN,24054.81
788,naringenin,AA1R_HUMAN,24115.47
789,niacinamide,AA1R_HUMAN,24139.10
790,stearidonic acid,AA1R_HUMAN,24142.07
791,magnesium stearate,AA1R_HUMAN,24157.05
792,puerarin,AA1R_HUMAN,24185.00
793,thymoquinone,AA1R_HUMAN,24272.54
794,omega-3,AA1R_HUMAN,24290.90
795,pfbc,AA1R_HUMAN,24315.90
796,disodium edta,AA1R_HUMAN,24348.61
797,teacrine,AA1R_HUMAN,24374.05
798,heneicosapentaenoic acid,AA1R_HUMAN,24380.74
799,s-adenosyl-l-methionine disulfate tosylate,AA1R_HUMAN,24385.44
800,geraniol,AA1R_HUMAN,24411.07
801,3;5 diiodo-l-tyrosine dihydrate,AA1R_HUMAN,24429.03
802,zinc succinate,AA1R_HUMAN,24520.43
803,g63,AA1R_HUMAN,24589.45
804,monoammonium glycyrrhizinate,AA1R_HUMAN,24607.41
805,magnesium creatine,AA1R_HUMAN,24779.76
806,nisin,AA1R_HUMAN,24847.42
807,l-isoleucine ethyl ester,AA1R_HUMAN,24867.89
808,genistein,AA1R_HUMAN,24935.90
809,n-caffeoyldopamine,AA1R_HUMAN,24982.90
810,sodium carboxymethyl cellulose,AA1R_HUMAN,25007.23
811,chondroitin sulfate b,AA1R_HUMAN,25083.21
812,manganese lactate,AA1R_HUMAN,25197.27
813,artemesia,AA1R_HUMAN,25223.56
814,l-glutamine hydrochloride,AA1R_HUMAN,25224.51
815,3-phenyllactic acid,AA1R_HUMAN,25262.21
816,r-beta-methylphenylethylamine,AA1R_HUMAN,25282.00
817,pqq,AA1R_HUMAN,25385.08
818,pantothenic acid,AA1R_HUMAN,25453.18
819,neoeriocitrin,AA1R_HUMAN,25453.43
820,s4,AA1R_HUMAN,25455.57
821,rue,AA1R_HUMAN,25483.95
822,inosine,AA1R_HUMAN,25526.64
823,shikimic acid,AA1R_HUMAN,25535.31
824,artemether,AA1R_HUMAN,25605.49
825,magnesium acetyl-taurate,AA1R_HUMAN,25606.65
826,acetyl-l-carnitine,AA1R_HUMAN,25630.91
827,l-valine ethyl ester hydrochloride,AA1R_HUMAN,25636.48
828,magnesium lysinate,AA1R_HUMAN,25740.08
829,campestanol,AA1R_HUMAN,25898.17
830,diosmin,AA1R_HUMAN,26052.99
831,calcium d-pantothenate,AA1R_HUMAN,26248.25
832,arabinogalactan,AA1R_HUMAN,26380.32
833,disodium adenosine 5'-phosphate,AA1R_HUMAN,26398.56
834,calcium succinate,AA1R_HUMAN,26491.75
835,strontium carbonate,AA1R_HUMAN,26510.70
836,eicosapentaenoic acid,AA1R_HUMAN,26535.03
837,l-valine ethyl ester,AA1R_HUMAN,26586.41
838,cetyl palmitoleate,AA1R_HUMAN,26598.11
839,citrulline nitrate,AA1R_HUMAN,26610.86
840,pak,AA1R_HUMAN,26732.36
841,creatine orotate,AA1R_HUMAN,26732.60
842,glycocarn,AA1R_HUMAN,26763.26
843,pyridoxine alpha ketoglutarate,AA1R_HUMAN,26949.61
844,adenine,AA1R_HUMAN,26969.15
845,rhododendrol,AA1R_HUMAN,26986.11
846,3-5-diiodo-l-tyrosine,AA1R_HUMAN,26997.46
847,2'-deoxycytidine,AA1R_HUMAN,27022.82
848,mucolase,AA1R_HUMAN,27031.04
849,cetyl myristoleate,AA1R_HUMAN,27098.23
850,alpha-ketoisocaproic acid,AA1R_HUMAN,27114.10
851,docusate calcium,AA1R_HUMAN,27285.33
852,pinocembrin,AA1R_HUMAN,27318.82
853,fructooligosaccharides,AA1R_HUMAN,27325.40
854,histidine hydrochloride,AA1R_HUMAN,27576.55
855,coumestrol dimethyl ether,AA1R_HUMAN,27590.63
856,androsta 3;5-diene-7;17-dione,AA1R_HUMAN,27597.88
857,propionyl-l-carnitine,AA1R_HUMAN,27611.28
858,d-glucosamine sulfate 2kcl,AA1R_HUMAN,27689.45
859,magnesium ascorbate,AA1R_HUMAN,27709.18
860,sodium caprate,AA1R_HUMAN,27729.69
861,calcium undecylenate,AA1R_HUMAN,27834.07
862,alpha-chymotrypsin,AA1R_HUMAN,27903.91
863,potassium glycerophosphate,AA1R_HUMAN,27913.99
864,mangostin,AA1R_HUMAN,27972.51
865,rutaecarpine,AA1R_HUMAN,28039.78
866,idebenone,AA1R_HUMAN,28060.62
867,potassium malate,AA1R_HUMAN,28185.56
868,l-histidine hydrochloride monohydrate,AA1R_HUMAN,28206.21
869,magnesium arginate,AA1R_HUMAN,28232.28
870,hydroxyapatite,AA1R_HUMAN,28276.62
871,hordenine,AA1R_HUMAN,28511.15
872,ig,AA1R_HUMAN,28514.45
873,cetyl oleate,AA1R_HUMAN,28584.86
874,pullulanase,AA1R_HUMAN,28644.24
875,hordenine hcl,AA1R_HUMAN,28756.50
876,bismuth nitrate,AA1R_HUMAN,28799.87
877,eleutheroside e,AA1R_HUMAN,28826.06
878,malate,AA1R_HUMAN,28826.36
879,sodium caprylate,AA1R_HUMAN,28893.92
880,succinate,AA1R_HUMAN,28903.87
881,cytidine 5'-monophosphate disodium salt,AA1R_HUMAN,28945.60
882,zinc chelazome,AA1R_HUMAN,29028.27
883,fumarate,AA1R_HUMAN,29161.37
884,potassium citrate,AA1R_HUMAN,29244.58
885,neohesperidin,AA1R_HUMAN,29327.52
886,calcium beta-hydroxy beta-methylbutyrate,AA1R_HUMAN,29746.74
887,copper sulfate pentahydrate,AA1R_HUMAN,29810.38
888,boldo,AA1R_HUMAN,29827.27
889,potassium caprylate,AA1R_HUMAN,29829.04
890,mustard,AA1R_HUMAN,29834.76
891,mercurius solubilis,AA1R_HUMAN,29847.32
892,l-histidine hcl,AA1R_HUMAN,29865.84
893,strontium citrate,AA1R_HUMAN,29909.79
894,vanadyl acetylacetonate,AA1R_HUMAN,29996.03
895,uridine,AA1R_HUMAN,30017.93
896,calcium beta-hydroxy-beta-methylbutyrate monohydrate,AA1R_HUMAN,30301.63
897,octopamine hcl,AA1R_HUMAN,30311.83
898,zinc fumarate,AA1R_HUMAN,30352.40
899,citicoline sodium,AA1R_HUMAN,30404.16
900,l-carnitine tartrate,AA1R_HUMAN,30416.29
901,manganese citrate,AA1R_HUMAN,30420.27
902,sodium glucuronate,AA1R_HUMAN,30537.95
903,p-coumaric acid,AA1R_HUMAN,30648.58
904,casein hydrolysate,AA1R_HUMAN,30664.59
905,magnesium citrate,AA1R_HUMAN,30671.83
906,potassium beta-hydroxybutyrate,AA1R_HUMAN,30726.35
907,cytidine,AA1R_HUMAN,30747.43
908,glycine propionyl-l-carnitine,AA1R_HUMAN,30804.30
909,6-ketoprogesterone,AA1R_HUMAN,30823.94
910,calcium octanoate,AA1R_HUMAN,30984.54
911,chromium propionate,AA1R_HUMAN,31139.57
912,l-aspartamine,AA1R_HUMAN,31143.32
913,clay,AA1R_HUMAN,31308.43
914,d-ribose,AA1R_HUMAN,31314.44
915,creatine citrate,AA1R_HUMAN,31332.64
916,honokiol,AA1R_HUMAN,31406.69
917,octanoate,AA1R_HUMAN,31491.51
918,myrcene,AA1R_HUMAN,31573.22
919,hyacinth,AA1R_HUMAN,31617.92
920,hydrogen citrate,AA1R_HUMAN,31627.66
921,vanadyl sulfate pentahydrate,AA1R_HUMAN,31657.59
922,lithium citrate,AA1R_HUMAN,31685.91
923,carvone,AA1R_HUMAN,31760.42
924,edta,AA1R_HUMAN,31814.20
925,india,AA1R_HUMAN,31870.72
926,tetrasodium diphosphate,AA1R_HUMAN,32024.21
927,dolomite,AA1R_HUMAN,32136.37
928,potassium-magnesium citrate,AA1R_HUMAN,32222.93
929,oxaloacetate,AA1R_HUMAN,32229.51
930,molybdenum citrate,AA1R_HUMAN,32250.80
931,tripotassium citrate,AA1R_HUMAN,32345.03
932,soy isoflavones,AA1R_HUMAN,32440.32
933,acetyl-l-carnitine hydrochloride,AA1R_HUMAN,32443.75
934,ammonium succinate,AA1R_HUMAN,32467.63
935,calcium fructoborate,AA1R_HUMAN,32574.12
936,alpha-ketoglutarate,AA1R_HUMAN,32668.06
937,ketoisocaproate potassium,AA1R_HUMAN,32716.64
938,l-cysteine,AA1R_HUMAN,32900.24
939,manganese gluconate,AA1R_HUMAN,32939.15
940,allicin,AA1R_HUMAN,32940.02
941,vanadyl sulfate hydrate,AA1R_HUMAN,32959.32
942,pyridoxal alpha-ketoglutarate,AA1R_HUMAN,33059.45
943,bismuth citrate,AA1R_HUMAN,33080.16
944,10-hydroxy-2-decenoic acid,AA1R_HUMAN,33082.87
945,glycerophosphatidylethanolamine,AA1R_HUMAN,33683.89
946,eugenia caryophyllata,AA1R_HUMAN,33688.48
947,molybdenum ascorbate,AA1R_HUMAN,33688.84
948,sodium d-aspartic acid,AA1R_HUMAN,33896.44
949,acetylcystine,AA1R_HUMAN,33933.66
950,sclareolide,AA1R_HUMAN,34007.20
951,magnesium potassium citrate,AA1R_HUMAN,34030.97
952,glycyrrhizin,AA1R_HUMAN,34044.54
953,glycine propionyl l-carnitine hydrochloride,AA1R_HUMAN,34160.02
954,sassafras,AA1R_HUMAN,34199.31
955,linolenic acid,AA1R_HUMAN,34284.82
956,calcium lactate,AA1R_HUMAN,34346.38
957,magnesium bicarbonate,AA1R_HUMAN,34415.35
958,aet,AA1R_HUMAN,34441.34
959,chromic oxide,AA1R_HUMAN,34458.50
960,citrate,AA1R_HUMAN,34608.70
961,6am,AA1R_HUMAN,34633.41
962,dicalcium phosphate,AA1R_HUMAN,34971.52
963,daidzein,AA1R_HUMAN,35232.34
964,k-2,AA1R_HUMAN,35396.66
965,chromium chloride,AA1R_HUMAN,35426.09
966,epsom salt,AA1R_HUMAN,35436.86
967,glutamic acid hydrochloride,AA1R_HUMAN,35579.97
968,glycyrrhetinic acid,AA1R_HUMAN,35742.92
969,bis-glycinate-oxovanadium,AA1R_HUMAN,35822.09
970,withaferin a,AA1R_HUMAN,35961.20
971,iron citrate,AA1R_HUMAN,35978.83
972,2-hoba,AA1R_HUMAN,35981.23
973,n-hydroxy-nor-l-arginine,AA1R_HUMAN,36053.63
974,calcium butyrate,AA1R_HUMAN,36080.98
975,silver nitrate,AA1R_HUMAN,36465.43
976,neo-vestitol,AA1R_HUMAN,36604.94
977,sodium gluconate,AA1R_HUMAN,36639.24
978,copper glycinate,AA1R_HUMAN,36639.52
979,iga,AA1R_HUMAN,36666.23
980,brindall berry,AA1R_HUMAN,36666.67
981,chitosan,AA1R_HUMAN,36855.08
982,arginine akg,AA1R_HUMAN,36928.18
983,manganese glycinate,AA1R_HUMAN,36979.09
984,magnesium malate,AA1R_HUMAN,37041.48
985,manganese carbonate,AA1R_HUMAN,37098.51
986,aegeline,AA1R_HUMAN,37106.21
987,manganese sulfate monohydrate,AA1R_HUMAN,37157.70
988,ferric glycinate,AA1R_HUMAN,37190.40
989,isoleucyl-prolyl-proline,AA1R_HUMAN,37198.99
990,copper chelate,AA1R_HUMAN,37257.09
991,creatine malate,AA1R_HUMAN,37323.70
992,melitidin,AA1R_HUMAN,37529.73
993,edta calcium disodium,AA1R_HUMAN,37530.99
994,chromium citrate,AA1R_HUMAN,37850.53
995,eicosatrienoic acid,AA1R_HUMAN,37937.00
996,ferrous bisglycinate,AA1R_HUMAN,38163.98
997,carvacrol,AA1R_HUMAN,38332.07
998,vitamin k,AA1R_HUMAN,38339.90
999,glucarate,AA1R_HUMAN,38522.83
1000,vestitol,AA1R_HUMAN,38611.34
1001,desoxyrhaponticin,AA1R_HUMAN,38616.78
1002,n-carbamylglutamate,AA1R_HUMAN,38943.02
1003,dicalcium phosphate dihydrate,AA1R_HUMAN,38989.58
1004,docosahexaenoic acid,AA1R_HUMAN,39111.25
1005,pyridoxine phosphate,AA1R_HUMAN,39283.67
1006,r-beta-methylphenylethylamine hcl,AA1R_HUMAN,39285.51
1007,benzoin,AA1R_HUMAN,39316.67
1008,4-amino-3-phenylbutyric acid,AA1R_HUMAN,39405.74
1009,zinc citrate dihydrate,AA1R_HUMAN,39896.01
1010,clinoptilolite,AA1R_HUMAN,40037.03
1011,carthamus,AA1R_HUMAN,40249.85
1012,ammonium phosphate,AA1R_HUMAN,40762.03
1013,tyramine hcl,AA1R_HUMAN,40998.29
1014,bioperine,AA1R_HUMAN,41069.85
1015,artepillin c,AA1R_HUMAN,41098.72
1016,defender,AA1R_HUMAN,41106.55
1017,beta-hydroxytyramine,AA1R_HUMAN,41111.53
1018,sodium aluminosilicate,AA1R_HUMAN,41119.55
1019,magnesium sulfate,AA1R_HUMAN,41203.74
1020,calcium hydroxycitrate,AA1R_HUMAN,41263.37
1021,cupric sulfate,AA1R_HUMAN,41490.51
1022,nitrate,AA1R_HUMAN,41673.41
1023,manganese sulfate,AA1R_HUMAN,41761.27
1024,ferrous fumarate,AA1R_HUMAN,41917.65
1025,l-carnosine,AA1R_HUMAN,42073.74
1026,citral,AA1R_HUMAN,42195.21
1027,dextran,AA1R_HUMAN,42211.02
1028,phenalgin,AA1R_HUMAN,42332.63
1029,adenosine,AA1R_HUMAN,42421.76
1030,glucuronolactone,AA1R_HUMAN,42450.92
1031,eleutheroside b,AA1R_HUMAN,42630.25
1032,magnesium silicate,AA1R_HUMAN,42652.40
1033,trehalose,AA1R_HUMAN,42961.10
1034,ketoisocaproic acid calcium,AA1R_HUMAN,43044.81
1035,lysophosphatidic acid,AA1R_HUMAN,43149.12
1036,glutamic acid,AA1R_HUMAN,43160.94
1037,chromate,AA1R_HUMAN,43226.06
1038,magnesium taurinate,AA1R_HUMAN,43441.23
1039,magnesium taurate,AA1R_HUMAN,43516.70
1040,sweet clover,AA1R_HUMAN,43772.06
1041,anserine,AA1R_HUMAN,43831.77
1042,methylsynephrine,AA1R_HUMAN,43953.05
1043,ferric phosphate,AA1R_HUMAN,44057.35
1044,n-acetyl-l-tyrosine-ethyl ester monohydrate,AA1R_HUMAN,44198.89
1045,natrii sulfas exsiccatus,AA1R_HUMAN,44229.34
1046,citronellol,AA1R_HUMAN,44232.25
1047,methylhexaneamine,AA1R_HUMAN,44240.03
1048,calcium ascorbate,AA1R_HUMAN,44438.23
1049,sodium citrate,AA1R_HUMAN,44532.86
1050,acetyl l-carnitine taurinate,AA1R_HUMAN,44706.91
1051,zinc l-aspartate,AA1R_HUMAN,44761.10
1052,potassium nitrate,AA1R_HUMAN,44810.89
1053,calcium bicarbonate,AA1R_HUMAN,44995.58
1054,palmitoleic acid ethyl ester,AA1R_HUMAN,45046.10
1055,cyclic adenosine monophosphate,AA1R_HUMAN,45100.16
1056,monocalcium phosphate,AA1R_HUMAN,45105.96
1057,magnesium l-lactate dihydrate,AA1R_HUMAN,45204.61
1058,cns,AA1R_HUMAN,45594.77
1059,dextrose monohydrate,AA1R_HUMAN,45716.52
1060,thymidine,AA1R_HUMAN,45880.89
1061,medina,AA1R_HUMAN,46149.06
1062,zinc aspartate,AA1R_HUMAN,46169.23
1063,betaine monohydrate,AA1R_HUMAN,46257.59
1064,naringin,AA1R_HUMAN,46455.29
1065,equol,AA1R_HUMAN,46457.64
1066,calcium gluconate,AA1R_HUMAN,46835.37
1067,acid phosphatase,AA1R_HUMAN,47195.54
1068,calcium citrate malate,AA1R_HUMAN,47452.10
1069,calcium lysinate,AA1R_HUMAN,47580.64
1070,potassium pyruvate,AA1R_HUMAN,47591.66
1071,gamma-linolenic acid,AA1R_HUMAN,47872.82
1072,7-methoxyisoflavone,AA1R_HUMAN,48088.67
1073,ibotenic acid,AA1R_HUMAN,48374.86
1074,sodium metabisulfite,AA1R_HUMAN,48495.72
1075,sterols,AA1R_HUMAN,48500.39
1076,calcium citrate,AA1R_HUMAN,48546.77
1077,sodium selenite,AA1R_HUMAN,48913.03
1078,calcium ascorbate dihydrate,AA1R_HUMAN,49009.77
1079,branched chain amino acids,AA1R_HUMAN,49257.99
1080,calcium phosphate,AA1R_HUMAN,49297.91
1081,sodium succinate dibasic hexahydrate,AA1R_HUMAN,49380.13
1082,tetrahydrocurcumin,AA1R_HUMAN,49466.07
1083,methylsulfonylmethane,AA1R_HUMAN,49641.69
1084,glucosamine hydrochloride,AA1R_HUMAN,49716.31
1085,salvianolic acid,AA1R_HUMAN,49786.47
1086,citric acid,AA1R_HUMAN,50113.47
1087,lithium carbonate,AA1R_HUMAN,50193.28
1088,formononetin,AA1R_HUMAN,50268.73
1089,phenethylamine hcl,AA1R_HUMAN,50413.87
1090,betaine,AA1R_HUMAN,50534.49
1091,gb,AA1R_HUMAN,50964.44
1092,calcium beta-hydroxybutyrate,AA1R_HUMAN,51092.74
1093,chromium ascorbate,AA1R_HUMAN,51095.02
1094,fasoracetam,AA1R_HUMAN,51100.16
1095,phosphocreatine,AA1R_HUMAN,51213.55
1096,sustamine,AA1R_HUMAN,51243.27
1097,histidine,AA1R_HUMAN,51418.81
1098,vitamin b5,AA1R_HUMAN,51421.06
1099,nickel sulphate,AA1R_HUMAN,51456.33
1100,disodium phosphate,AA1R_HUMAN,51541.87
1101,magnesium butyrate,AA1R_HUMAN,51600.10
1102,calcium glycinate,AA1R_HUMAN,51694.13
1103,potassium gluconate,AA1R_HUMAN,51834.60
1104,2-amino-6-methylheptane,AA1R_HUMAN,51885.95
1105,nonacosanol,AA1R_HUMAN,51965.48
1106,octacosanol,AA1R_HUMAN,51965.58
1107,magnesium caprylate,AA1R_HUMAN,52069.59
1108,germanium sesquioxide,AA1R_HUMAN,52077.93
1109,spermidine trihydrochloride,AA1R_HUMAN,52161.16
1110,zinc ascorbate,AA1R_HUMAN,52412.93
1111,tetratriacontanol,AA1R_HUMAN,52416.58
1112,tetracosanol,AA1R_HUMAN,52536.50
1113,luteolin,AA1R_HUMAN,53091.02
1114,cgf,AA1R_HUMAN,53104.47
1115,sodium succinate,AA1R_HUMAN,53233.46
1116,l-cysteine hydrochloride,AA1R_HUMAN,53407.29
1117,calcium gluconate monohydrate,AA1R_HUMAN,53445.58
1118,hexacosanol,AA1R_HUMAN,53496.06
1119,comfrey,AA1R_HUMAN,53544.75
1120,terra alba,AA1R_HUMAN,53552.68
1121,talc,AA1R_HUMAN,53599.98
1122,disodium creatine phosphate tetrahydrate,AA1R_HUMAN,53795.04
1123,oleamide,AA1R_HUMAN,54130.88
1124,pyritinol,AA1R_HUMAN,54316.93
1125,cis-linoleic acid,AA1R_HUMAN,54512.13
1126,n-acetyl leucine,AA1R_HUMAN,54582.02
1127,cape,AA1R_HUMAN,54694.77
1128,magnesium chelate,AA1R_HUMAN,54908.60
1129,propionyl-l-carnitine hcl,AA1R_HUMAN,55054.34
1130,collagenase,AA1R_HUMAN,55170.35
1131,flavonols,AA1R_HUMAN,55347.12
1132,hesperidin,AA1R_HUMAN,55722.61
1133,potassium carbonate,AA1R_HUMAN,56134.25
1134,cetearyl alcohol,AA1R_HUMAN,56247.14
1135,rhaponticin,AA1R_HUMAN,56267.27
1136,fructose,AA1R_HUMAN,56328.09
1137,monolaurin,AA1R_HUMAN,56364.89
1138,trisodium phosphate dodecahydrate,AA1R_HUMAN,56368.84
1139,zinc carnosine,AA1R_HUMAN,56379.99
1140,vitamin c,AA1R_HUMAN,56436.51
1141,eicosanol,AA1R_HUMAN,56439.13
1142,allulose,AA1R_HUMAN,56899.15
1143,ascorbyl palmitate,AA1R_HUMAN,57021.18
1144,copper sebacate,AA1R_HUMAN,57136.45
1145,chromic chloride hexahydrate,AA1R_HUMAN,57451.29
1146,calcium d-saccharate tetrahydrate,AA1R_HUMAN,57546.02
1147,sodium nitrate,AA1R_HUMAN,57581.26
1148,glycerol stearate,AA1R_HUMAN,57667.51
1149,icariside ii,AA1R_HUMAN,58164.35
1150,succinic acid,AA1R_HUMAN,58827.04
1151,bisdemethoxycurcumin,AA1R_HUMAN,58856.74
1152,calcium carbonate,AA1R_HUMAN,58946.19
1153,l-carnitine hydrochloride,AA1R_HUMAN,58996.15
1154,calcium aspartate,AA1R_HUMAN,59048.00
1155,lactate,AA1R_HUMAN,59133.97
1156,zma,AA1R_HUMAN,59220.25
1157,disodium phosphate dihydrate,AA1R_HUMAN,59285.36
1158,iron ascorbate,AA1R_HUMAN,59286.25
1159,oxiracetam,AA1R_HUMAN,59358.85
1160,nko,AA1R_HUMAN,59702.63
1161,salicylamine acetate,AA1R_HUMAN,59726.95
1162,sodium tetraborate,AA1R_HUMAN,59982.66
1163,lithium orotate,AA1R_HUMAN,60145.39
1164,oxymatrine,AA1R_HUMAN,60425.23
1165,eriocitrin,AA1R_HUMAN,60778.75
1166,dotriacontanol,AA1R_HUMAN,60807.57
1167,inosine phosphate,AA1R_HUMAN,60899.15
1168,taurine hydrochloride,AA1R_HUMAN,61067.74
1169,zinc acetate,AA1R_HUMAN,61677.67
1170,sulforaphane glucosinolate,AA1R_HUMAN,61931.69
1171,sodium sulfate,AA1R_HUMAN,62452.78
1172,sodium borate,AA1R_HUMAN,62546.45
1173,l-dopa,AA1R_HUMAN,62899.55
1174,sulforaphane,AA1R_HUMAN,63145.94
1175,l-isoleucine ethyl ester hydrochloride,AA1R_HUMAN,63278.58
1176,magnesium lactate,AA1R_HUMAN,63731.46
1177,calcium acetate,AA1R_HUMAN,63735.64
1178,creatine ethyl ester,AA1R_HUMAN,64545.84
1179,sodium selenate,AA1R_HUMAN,65192.95
1180,beta-alanine ethyl ester hydrochloride,AA1R_HUMAN,65207.00
1181,glycocyamine,AA1R_HUMAN,65210.32
1182,mucin,AA1R_HUMAN,65246.19
1183,sulfato de potasio,AA1R_HUMAN,65503.40
1184,linoleic acid,AA1R_HUMAN,65583.21
1185,trisodium phosphate,AA1R_HUMAN,65701.53
1186,dihomo-gamma-linolenic acid,AA1R_HUMAN,65702.19
1187,quinic acid,AA1R_HUMAN,66126.21
1188,agmatine sulfate,AA1R_HUMAN,66296.03
1189,pyridoxine hydrochloride,AA1R_HUMAN,66339.11
1190,gamma-butyrobetaine hydrochloride,AA1R_HUMAN,66901.90
1191,glycitein,AA1R_HUMAN,66977.54
1192,boron citrate,AA1R_HUMAN,66981.04
1193,vitamin b6,AA1R_HUMAN,67004.44
1194,arbutin,AA1R_HUMAN,67382.57
1195,manganese chloride,AA1R_HUMAN,67407.56
1196,molybdenum glycinate,AA1R_HUMAN,67836.01
1197,syringic acid,AA1R_HUMAN,67850.15
1198,glutamine,AA1R_HUMAN,67946.40
1199,l-cysteine dihydrochloride,AA1R_HUMAN,67982.80
1200,lcariin,AA1R_HUMAN,68222.00
1201,urolithin a,AA1R_HUMAN,68253.67
1202,magnesium succinate,AA1R_HUMAN,68260.20
1203,l-lysine aspartate,AA1R_HUMAN,68302.35
1204,dynamine,AA1R_HUMAN,68322.77
1205,(-)-hydroxycitric acid,AA1R_HUMAN,68364.40
1206,l-glycyl-l-glutamine,AA1R_HUMAN,68634.13
1207,zinc sulfate monohydrate,AA1R_HUMAN,69628.19
1208,octanol,AA1R_HUMAN,69690.12
1209,potassium hydroxide,AA1R_HUMAN,69706.98
1210,guanidinopropionic acid,AA1R_HUMAN,69772.06
1211,dmsa,AA1R_HUMAN,69971.29
1212,calcium d-glucarate,AA1R_HUMAN,70015.27
1213,triacontanol,AA1R_HUMAN,70392.70
1214,l-hydroxyproline,AA1R_HUMAN,70609.75
1215,zinc sulfate heptahydrate,AA1R_HUMAN,70638.98
1216,magnesium chloride hexahydrate,AA1R_HUMAN,70735.81
1217,n-acetyl l-tyrosine,AA1R_HUMAN,71221.84
1218,4-methyl-2-pyridinamine,AA1R_HUMAN,71249.51
1219,triethyl citrate,AA1R_HUMAN,71403.98
1220,creatine taurinate,AA1R_HUMAN,71590.31
1221,gallic acid,AA1R_HUMAN,71642.62
1222,eicosadienoic acid,AA1R_HUMAN,71719.37
1223,l-tartrate,AA1R_HUMAN,71845.76
1224,glutamine ethyl ester,AA1R_HUMAN,71916.55
1225,paeoniflorin,AA1R_HUMAN,72421.19
1226,cla,AA1R_HUMAN,72532.40
1227,homotaurine,AA1R_HUMAN,72749.66
1228,ammonium carbonate,AA1R_HUMAN,73510.03
1229,strontium oxide,AA1R_HUMAN,74193.68
1230,n-acetylneuraminic acid,AA1R_HUMAN,74770.53
1231,isoleucine,AA1R_HUMAN,74916.44
1232,sodium molybdate,AA1R_HUMAN,75278.91
1233,dried ferrous sulfate,AA1R_HUMAN,75558.91
1234,calcium propionate,AA1R_HUMAN,75866.65
1235,selenocysteine,AA1R_HUMAN,76164.91
1236,calcium pyruvate,AA1R_HUMAN,76251.06
1237,vx1,AA1R_HUMAN,76706.78
1238,molybdenum chloride,AA1R_HUMAN,77348.77
1239,bcaa,AA1R_HUMAN,77362.61
1240,genistin,AA1R_HUMAN,77768.10
1241,glycerophosphocholine,AA1R_HUMAN,77848.60
1242,s-(2-boronoethyl)-l-cysteine,AA1R_HUMAN,77918.01
1243,lysine acetate,AA1R_HUMAN,77960.88
1244,calcium lactate gluconate,AA1R_HUMAN,78208.78
1245,palatinose,AA1R_HUMAN,78213.51
1246,sodium beta-hydroxybutyrate,AA1R_HUMAN,78997.66
1247,dimethylbutylamine,AA1R_HUMAN,79484.27
1248,calcium threonate,AA1R_HUMAN,79687.29
1249,boron glycinate,AA1R_HUMAN,80097.77
1250,beta-phenylethylamine,AA1R_HUMAN,80345.47
1251,ferulic acid,AA1R_HUMAN,80695.21
1252,sodium carbonate,AA1R_HUMAN,81664.96
1253,tgf-beta,AA1R_HUMAN,82178.42
1254,gluconic acid,AA1R_HUMAN,82237.57
1255,beta-hydroxybutyrate,AA1R_HUMAN,82362.54
1256,tyramine,AA1R_HUMAN,82631.02
1257,coral,AA1R_HUMAN,83012.19
1258,arabic gum,AA1R_HUMAN,83040.62
1259,iron fumarate,AA1R_HUMAN,83303.56
1260,l-tyrosine hydrochloride,AA1R_HUMAN,83537.43
1261,daidzin,AA1R_HUMAN,83706.91
1262,4-amp,AA1R_HUMAN,84023.63
1263,aminopeptidase n,AA1R_HUMAN,84388.01
1264,calcium silicate,AA1R_HUMAN,84618.54
1265,ferrous gluconate,AA1R_HUMAN,85516.55
1266,tyrosine,AA1R_HUMAN,85665.04
1267,valine,AA1R_HUMAN,86579.19
1268,titanium dioxide,AA1R_HUMAN,87241.10
1269,alpha ketoisocaproate,AA1R_HUMAN,87577.07
1270,ocimene,AA1R_HUMAN,87926.79
1271,didymin,AA1R_HUMAN,87945.86
1272,silicic acid,AA1R_HUMAN,88036.74
1273,azelaic acid,AA1R_HUMAN,88455.82
1274,sodium ascorbate,AA1R_HUMAN,88558.07
1275,pyroglutamic acid,AA1R_HUMAN,88574.48
1276,dicaffeoylquinic acid,AA1R_HUMAN,88583.52
1277,calcium glycerophosphate,AA1R_HUMAN,88752.40
1278,montmorillonite,AA1R_HUMAN,88870.70
1279,phosphates,AA1R_HUMAN,89042.74
1280,magnesium aspartate,AA1R_HUMAN,89478.32
1281,r-600,AA1R_HUMAN,90207.48
1282,rosavins,AA1R_HUMAN,90216.89
1283,lactic acid,AA1R_HUMAN,90344.17
1284,r-dihydrolipoic acid,AA1R_HUMAN,90576.31
1285,l-phenylalanine hydrochloride,AA1R_HUMAN,90659.78
1286,dimethyl amino ethanol,AA1R_HUMAN,90726.83
1287,deanol p-acetamidobenzoate,AA1R_HUMAN,90992.31
1288,delete,AA1R_HUMAN,91454.33
1289,iron aspartate,AA1R_HUMAN,91604.41
1290,troxerutin,AA1R_HUMAN,91918.77
1291,pectin,AA1R_HUMAN,92370.30
1292,pyrite,AA1R_HUMAN,92560.13
1293,demethoxycurcumin,AA1R_HUMAN,92917.48
1294,formic acid,AA1R_HUMAN,92952.93
1295,ficin,AA1R_HUMAN,93575.27
1296,calcium borogluconate,AA1R_HUMAN,93636.90
1297,l-ornithine l-aspartate,AA1R_HUMAN,93904.01
1298,selenium citrate,AA1R_HUMAN,94122.40
1299,gamma amino beta hydroxybutyric acid,AA1R_HUMAN,94347.99
1300,hydroxytyrosol,AA1R_HUMAN,94676.66
1301,l-lysine hydrochloride,AA1R_HUMAN,94928.44
1302,narirutin,AA1R_HUMAN,95028.53
1303,strontium chloride,AA1R_HUMAN,95390.33
1304,rubidium chloride,AA1R_HUMAN,96387.47
1305,vanadium sulfate,AA1R_HUMAN,96407.08
1306,cystine,AA1R_HUMAN,97021.40
1307,icariin,AA1R_HUMAN,97097.66
1308,oxovanadium,AA1R_HUMAN,97164.58
1309,l-cysteine hcl monohydrate,AA1R_HUMAN,97550.44
1310,bicarbonates,AA1R_HUMAN,97904.00
1311,carbogen,AA1R_HUMAN,98567.53
1312,phenylalanine,AA1R_HUMAN,98619.61
1313,spermidine,AA1R_HUMAN,98823.34
1314,ethanolamine phosphate,AA1R_HUMAN,99215.66
1315,triethanolamine,AA1R_HUMAN,99263.75
1316,cobaltous sulfate,AA1R_HUMAN,99390.89
1317,myristic acid,AA1R_HUMAN,101005.63
1318,stearic acid,AA1R_HUMAN,101020.10
1319,behenic acid,AA1R_HUMAN,101021.22
1320,palmitic acid; stearic acid,AA1R_HUMAN,101091.74
1321,potassium iodide,AA1R_HUMAN,101097.94
1322,lignoceric acid,AA1R_HUMAN,101120.10
1323,psyllium,AA1R_HUMAN,101187.00
1324,zinc citrate,AA1R_HUMAN,101489.16
1325,hesperidin methyl chalcone,AA1R_HUMAN,101547.42
1326,amino nitrogen,AA1R_HUMAN,101729.74
1327,cobalt,AA1R_HUMAN,102347.38
1328,fat,AA1R_HUMAN,102471.94
1329,dopamine,AA1R_HUMAN,102477.60
1330,lauric acid,AA1R_HUMAN,103667.10
1331,ige,AA1R_HUMAN,104326.90
1332,sodium tetrachloroaurate,AA1R_HUMAN,104596.51
1333,iodine,AA1R_HUMAN,104650.36
1334,eicosanoic acid,AA1R_HUMAN,104799.75
1335,leucine,AA1R_HUMAN,105189.17
1336,beta-hydroxy-beta-methylbutyrate,AA1R_HUMAN,105839.33
1337,umckalin,AA1R_HUMAN,106205.04
1338,curcumin,AA1R_HUMAN,106652.12
1339,heptacosanol,AA1R_HUMAN,106928.79
1340,sodium iodide,AA1R_HUMAN,107624.89
1341,beta hydroxybutyrate,AA1R_HUMAN,107631.75
1342,dimethylsulfoxide,AA1R_HUMAN,107952.86
1343,sulfate,AA1R_HUMAN,108597.80
1344,simethicone,AA1R_HUMAN,109061.47
1345,propol,AA1R_HUMAN,109082.01
1346,baryta iodata,AA1R_HUMAN,109934.12
1347,sodium glycerophosphate pentahydrate,AA1R_HUMAN,110252.61
1348,capric acid,AA1R_HUMAN,110306.82
1349,fluoride,AA1R_HUMAN,110820.40
1350,vanadyl,AA1R_HUMAN,110901.06
1351,xanthohumol,AA1R_HUMAN,112515.08
1352,europium,AA1R_HUMAN,112836.69
1353,iodide,AA1R_HUMAN,113238.14
1354,pf5,AA1R_HUMAN,113568.03
1355,alcohol,AA1R_HUMAN,113789.67
1356,furazan,AA1R_HUMAN,113960.60
1357,4-hydroxyisoleucine,AA1R_HUMAN,114735.43
1358,sodium diacetate,AA1R_HUMAN,115162.91
1359,pyruvic acid,AA1R_HUMAN,115909.93
1360,fluorine,AA1R_HUMAN,116059.38
1361,eaa,AA1R_HUMAN,116247.72
1362,calcium iodate,AA1R_HUMAN,116435.50
1363,sulfur,AA1R_HUMAN,117500.95
1364,bromine,AA1R_HUMAN,117565.64
1365,potassium chloride,AA1R_HUMAN,117584.35
1366,tyrosol,AA1R_HUMAN,120201.63
1367,club,AA1R_HUMAN,120822.69
1368,n-(aminoiminomethyl)-n-methyl glycine,AA1R_HUMAN,121040.61
1369,beta-alanine nitrate,AA1R_HUMAN,122921.90
1370,conjugated linoleic acid,AA1R_HUMAN,123246.74
1371,potassium bitartrate,AA1R_HUMAN,123344.41
1372,caffeic acid,AA1R_HUMAN,123362.25
1373,soluble fiber,AA1R_HUMAN,123435.98
1374,zinc gluconate dihydrate,AA1R_HUMAN,123853.45
1375,magnesium hydrogen sulfate,AA1R_HUMAN,124174.44
1376,pyridoxamine,AA1R_HUMAN,124950.28
1377,glucono delta lactone,AA1R_HUMAN,125324.17
1378,boron gluconate,AA1R_HUMAN,125905.55
1379,chlorine,AA1R_HUMAN,127469.42
1380,dmae bitartrate,AA1R_HUMAN,127578.45
1381,colloidal silver,AA1R_HUMAN,127636.44
1382,monosodium phosphate anhydrous,AA1R_HUMAN,128013.10
1383,methylselenocysteine,AA1R_HUMAN,128021.53
1384,magnesium hydroxide,AA1R_HUMAN,129221.81
1385,l-tyrosine ethyl ester hydrochloride,AA1R_HUMAN,129236.20
1386,zeolites,AA1R_HUMAN,129896.13
1387,alginate,AA1R_HUMAN,130207.23
1388,3-hydroxy-3-methyl-butyric acid,AA1R_HUMAN,130363.61
1389,zinc gluconate,AA1R_HUMAN,130680.78
1390,bromide,AA1R_HUMAN,131331.03
1391,oxygen,AA1R_HUMAN,131810.53
1392,l-leucine ethyl ester,AA1R_HUMAN,131935.31
1393,monobasic sodium phosphate monohydrate,AA1R_HUMAN,132100.33
1394,sodium glycerophosphate,AA1R_HUMAN,132246.22
1395,erythritol,AA1R_HUMAN,132936.22
1396,protectin dx,AA1R_HUMAN,133098.08
1397,copper oxide,AA1R_HUMAN,133177.02
1398,sodium pyruvate,AA1R_HUMAN,134698.18
1399,dysprosium,AA1R_HUMAN,135144.93
1400,creatine nitrate,AA1R_HUMAN,136652.79
1401,l-tyrosine ethyl ester,AA1R_HUMAN,136700.55
1402,serine,AA1R_HUMAN,137135.64
1403,molybdenum trioxide,AA1R_HUMAN,137260.74
1404,hafnium,AA1R_HUMAN,137551.19
1405,ferrum phos,AA1R_HUMAN,138904.68
1406,poa,AA1R_HUMAN,139002.63
1407,cynarin,AA1R_HUMAN,139595.61
1408,ethyl lactate,AA1R_HUMAN,140070.02
1409,bornite,AA1R_HUMAN,140169.31
1410,glycerin,AA1R_HUMAN,140344.14
1411,magnesium,AA1R_HUMAN,140533.11
1412,pyridoxamine dihydrochloride,AA1R_HUMAN,140722.10
1413,leptin,AA1R_HUMAN,140754.85
1414,beryllium,AA1R_HUMAN,141729.20
1415,rosmarinic acid,AA1R_HUMAN,141850.75
1416,sorbic acid,AA1R_HUMAN,142645.86
1417,dmae,AA1R_HUMAN,142689.03
1418,beta-alanine,AA1R_HUMAN,142970.50
1419,thiamine mononitrate,AA1R_HUMAN,143167.04
1420,sodium bicarbonate,AA1R_HUMAN,143980.07
1421,aspartic acid,AA1R_HUMAN,144368.88
1422,methionine hydrochloride,AA1R_HUMAN,145203.61
1423,promethium,AA1R_HUMAN,145969.73
1424,rosarin,AA1R_HUMAN,146572.78
1425,barium oxide,AA1R_HUMAN,146965.36
1426,calcium,AA1R_HUMAN,148899.89
1427,beta-alanine hcl,AA1R_HUMAN,149056.94
1428,selenium,AA1R_HUMAN,149553.32
1429,allantoin,AA1R_HUMAN,150539.91
1430,selenious acid,AA1R_HUMAN,150606.66
1431,carbamide,AA1R_HUMAN,150944.19
1432,aluminum,AA1R_HUMAN,151401.52
1433,threonine,AA1R_HUMAN,151489.93
1434,sulfuric acid,AA1R_HUMAN,151623.28
1435,myristoleic acid,AA1R_HUMAN,151738.82
1436,muscimol,AA1R_HUMAN,152008.03
1437,ricinoleic acid,AA1R_HUMAN,152155.79
1438,manganese,AA1R_HUMAN,152217.34
1439,pa,AA1R_HUMAN,152518.41
1440,molybdophosphoric acid,AA1R_HUMAN,153782.26
1441,boron,AA1R_HUMAN,154949.33
1442,selenomethionine,AA1R_HUMAN,155745.87
1443,bulgarian tribulus,AA1R_HUMAN,155930.28
1444,lysine,AA1R_HUMAN,157788.52
1445,osmium,AA1R_HUMAN,159429.42
1446,plumbum met,AA1R_HUMAN,159656.21
1447,creatine monohydrate,AA1R_HUMAN,159924.03
1448,noopept,AA1R_HUMAN,160653.38
1449,water,AA1R_HUMAN,161361.92
1450,lithium,AA1R_HUMAN,162389.48
1451,mos,AA1R_HUMAN,162784.30
1452,isomalt,AA1R_HUMAN,162792.68
1453,manganese oxide,AA1R_HUMAN,163394.76
1454,pterostilbene,AA1R_HUMAN,164090.62
1455,calcium sulfate,AA1R_HUMAN,164311.55
1456,caproic acid,AA1R_HUMAN,166048.50
1457,holmium,AA1R_HUMAN,166580.84
1458,taurine,AA1R_HUMAN,166927.38
1459,vanadyl sulfate,AA1R_HUMAN,167145.62
1460,phosphoric acid,AA1R_HUMAN,167825.76
1461,n-acetyl-l-methionine,AA1R_HUMAN,168206.16
1462,gold,AA1R_HUMAN,168542.51
1463,dimethylglycine,AA1R_HUMAN,168931.43
1464,lithium oxide,AA1R_HUMAN,169103.51
1465,lime,AA1R_HUMAN,169487.36
1466,proline,AA1R_HUMAN,169533.18
1467,bismuth,AA1R_HUMAN,169950.28
1468,zinc monomethionine,AA1R_HUMAN,170501.79
1469,creatine hcl,AA1R_HUMAN,171235.10
1470,sorbitol,AA1R_HUMAN,171317.33
1471,praseodymium,AA1R_HUMAN,172239.11
1472,amygdalin,AA1R_HUMAN,173548.13
1473,hica,AA1R_HUMAN,174324.12
1474,hydrogen sulfate,AA1R_HUMAN,174762.79
1475,niacin,AA1R_HUMAN,175070.14
1476,zinc l-methionine,AA1R_HUMAN,175221.26
1477,stevia,AA1R_HUMAN,175410.12
1478,silica,AA1R_HUMAN,175674.90
1479,nickel,AA1R_HUMAN,176160.32
1480,glycitin,AA1R_HUMAN,176843.99
1481,potassium alpha-ketoglutarate,AA1R_HUMAN,177544.47
1482,ammonium,AA1R_HUMAN,178793.61
1483,beta-alanine ethyl ester,AA1R_HUMAN,179093.23
1484,l-ornithine hydrochloride,AA1R_HUMAN,179320.35
1485,samarium,AA1R_HUMAN,180672.40
1486,cichoric acid,AA1R_HUMAN,180789.83
1487,silicon,AA1R_HUMAN,184462.30
1488,propylene glycol,AA1R_HUMAN,184999.01
1489,sarcosine,AA1R_HUMAN,185010.51
1490,gallium,AA1R_HUMAN,185562.77
1491,kre-alkalyn,AA1R_HUMAN,187177.18
1492,vinegar,AA1R_HUMAN,188767.05
1493,chromium,AA1R_HUMAN,188871.03
1494,butyric acid,AA1R_HUMAN,189420.27
1495,ionic silver,AA1R_HUMAN,194579.34
1496,palmitoleic acid,AA1R_HUMAN,196730.49
1497,rhodium,AA1R_HUMAN,197250.36
1498,margaroleic acid,AA1R_HUMAN,197932.90
1499,petroselinic acid,AA1R_HUMAN,198236.39
1500,nervonic acid,AA1R_HUMAN,198276.39
1501,cis-vaccenic acid,AA1R_HUMAN,198834.01
1502,zinc oxide,AA1R_HUMAN,199471.87
1503,oleic acid,AA1R_HUMAN,199743.79
1504,glucosamine,AA1R_HUMAN,201083.84
1505,iron,AA1R_HUMAN,201152.25
1506,hydrogen peroxide,AA1R_HUMAN,202444.25
1507,germanium,AA1R_HUMAN,202616.99
1508,sodium,AA1R_HUMAN,203728.43
1509,gadoleic acid,AA1R_HUMAN,204137.87
1510,octadecadienoic acid,AA1R_HUMAN,205249.29
1511,thulium,AA1R_HUMAN,206099.80
1512,zinc,AA1R_HUMAN,206401.93
1513,glycetein,AA1R_HUMAN,206802.20
1514,molybdenum,AA1R_HUMAN,207039.55
1515,d-glucosamine sulphate,AA1R_HUMAN,207306.13
1516,propionic acid,AA1R_HUMAN,207657.33
1517,activated charcoal,AA1R_HUMAN,208423.52
1518,zinc acetate dihydrate,AA1R_HUMAN,213955.51
1519,terbium,AA1R_HUMAN,214076.86
1520,ammonium chloride,AA1R_HUMAN,214884.19
1521,pyruvate,AA1R_HUMAN,216252.41
1522,vanadium,AA1R_HUMAN,216292.23
1523,aminoglycine,AA1R_HUMAN,216496.49
1524,hydrogen,AA1R_HUMAN,216809.00
1525,chloride,AA1R_HUMAN,218563.21
1526,s-allyl-cysteine,AA1R_HUMAN,218621.87
1527,erbium,AA1R_HUMAN,219620.92
1528,cadmium,AA1R_HUMAN,220313.46
1529,magnesium oxide,AA1R_HUMAN,222470.65
1530,dimethylglycine hcl,AA1R_HUMAN,222559.03
1531,cerium,AA1R_HUMAN,222723.18
1532,l-norvaline,AA1R_HUMAN,223921.18
1533,ferric oxide,AA1R_HUMAN,223959.35
1534,rhenium,AA1R_HUMAN,224441.50
1535,tantalum,AA1R_HUMAN,224823.26
1536,carbon dioxide,AA1R_HUMAN,224986.20
1537,erucic acid,AA1R_HUMAN,225002.86
1538,glycine ethyl ester,AA1R_HUMAN,225447.87
1539,fucose,AA1R_HUMAN,227044.05
1540,methionine,AA1R_HUMAN,227650.09
1541,magnesium carbonate,AA1R_HUMAN,227776.08
1542,phenol,AA1R_HUMAN,227853.42
1543,threonic acid,AA1R_HUMAN,228126.26
1544,ytterbium,AA1R_HUMAN,228934.80
1545,l3c,AA1R_HUMAN,231487.26
1546,peg,AA1R_HUMAN,232117.72
1547,nitrogen,AA1R_HUMAN,232142.72
1548,aluminum hydroxide,AA1R_HUMAN,232183.41
1549,nickel oxide,AA1R_HUMAN,233418.32
1550,uranium,AA1R_HUMAN,233706.84
1551,tungsten,AA1R_HUMAN,234313.81
1552,antimony,AA1R_HUMAN,235230.87
1553,indium,AA1R_HUMAN,235454.98
1554,scandium,AA1R_HUMAN,235553.45
1555,l-ornithine,AA1R_HUMAN,236474.01
1556,choline chloride,AA1R_HUMAN,237129.28
1557,sodium vanadate,AA1R_HUMAN,240120.13
1558,caprylic acid,AA1R_HUMAN,242074.16
1559,cesium,AA1R_HUMAN,246714.65
1560,gf5,AA1R_HUMAN,248272.25
1561,gaba,AA1R_HUMAN,251418.76
1562,2cm,AA1R_HUMAN,251779.03
1563,lutetium,AA1R_HUMAN,251783.91
1564,mangiferin,AA1R_HUMAN,251966.32
1565,tartaric acid,AA1R_HUMAN,256471.34
1566,calcium chloride,AA1R_HUMAN,257168.82
1567,tellurium,AA1R_HUMAN,258641.70
1568,platinum,AA1R_HUMAN,262451.55
1569,thorium,AA1R_HUMAN,262451.55
1570,zirconium,AA1R_HUMAN,263457.75
1571,sodium propionate,AA1R_HUMAN,265594.34
1572,sodium butyrate,AA1R_HUMAN,266278.30
1573,magnesium chloride,AA1R_HUMAN,269476.60
1574,gadolinium,AA1R_HUMAN,276371.59
1575,titanium,AA1R_HUMAN,277039.09
1576,calcium fluoride,AA1R_HUMAN,278080.34
1577,niobium,AA1R_HUMAN,282064.59
1578,rubidium,AA1R_HUMAN,282974.93
1579,yttrium,AA1R_HUMAN,285268.99
1580,ruthenium,AA1R_HUMAN,288129.13
1581,palladium,AA1R_HUMAN,289123.19
1582,thallium,AA1R_HUMAN,294446.14
1583,cesium chloride,AA1R_HUMAN,300599.86
1584,sugar,AA1R_HUMAN,302285.03
1585,alpha-amylase,AA1R_HUMAN,308491.01
1586,orotic acid,AA1R_HUMAN,309232.60
1587,iridium,AA1R_HUMAN,309441.51
1588,copper,AA1R_HUMAN,309529.06
1589,imd,AA1R_HUMAN,324418.40
1590,thiamine hydrochloride,AA1R_HUMAN,328582.53
1591,ferrous sulfate,AA1R_HUMAN,338261.13
1592,alpha-keto glutarate,AA1R_HUMAN,339785.02
1593,tin,AA1R_HUMAN,346267.15
1594,sodium chlorite,AA1R_HUMAN,348758.55
1595,20-hydroxyecdysone,AA1R_HUMAN,349920.29
1596,chlorogenic acid,AA1R_HUMAN,355281.64
1597,neodymium,AA1R_HUMAN,356471.34
1598,potassium,AA1R_HUMAN,357902.31
1599,lanthanum,AA1R_HUMAN,365383.00
1600,thiamine,AA1R_HUMAN,373244.76
1601,cobalamin,AA1R_HUMAN,382254.85
1602,gum tragacanth,AA1R_HUMAN,383270.83
1603,choline bitartrate,AA1R_HUMAN,387899.95
1604,cetoleic acid,AA1R_HUMAN,392973.96
1605,glycine,AA1R_HUMAN,402832.26
1606,8-prenylnaringenin,AA1R_HUMAN,413603.67
1607,lactoferrin,AA1R_HUMAN,416600.00
1608,alliin,AA1R_HUMAN,421003.58
1609,amp,AA1R_HUMAN,427500.55
1610,inositol,AA1R_HUMAN,435090.55
1611,pullulan,AA1R_HUMAN,442108.68
1612,sodium nitrite,AA1R_HUMAN,450473.62
1613,d-pinitol,AA1R_HUMAN,456999.67
1614,imo,AA1R_HUMAN,469366.94
1615,trendione,AA1R_HUMAN,471671.38
1616,punicic acid,AA1R_HUMAN,480576.07
1617,mercury,AA1R_HUMAN,490355.83
1618,epidermal growth factor,AA1R_HUMAN,502116.71
1619,2-cyclohexylethylamine,AA1R_HUMAN,533183.47
1620,lecithin,AA1R_HUMAN,538213.28
1621,cinnamic acid,AA1R_HUMAN,557558.49
1622,n-acetyl d-glucosamine,AA1R_HUMAN,586150.72
1623,cynaropicrin,AA1R_HUMAN,599582.68
1624,glycocholic acid,AA1R_HUMAN,609427.29
1625,5-methyltetrahydrofolate,AA1R_HUMAN,615365.73
1626,lysozyme,AA1R_HUMAN,643190.52
1627,evodiamine,AA1R_HUMAN,657155.01
1628,undec-10-enoic acid,AA1R_HUMAN,733544.48
1629,valyl-prolyl-proline,AA1R_HUMAN,744434.09
1630,barium,AA1R_HUMAN,749593.28
1631,super citrimax,AA1R_HUMAN,767427.59
1632,sodium chloride,AA1R_HUMAN,770796.54
1633,kic,AA1R_HUMAN,781781.34
1634,strontium,AA1R_HUMAN,791082.80
1635,amaranth,AA1R_HUMAN,799249.52
1636,sciadopitysin,AA1R_HUMAN,802194.90
1637,tryptophan,AA1R_HUMAN,804945.19
1638,alpha-d-ribofuranose,AA1R_HUMAN,806002.44
1639,agmatine,AA1R_HUMAN,829663.15
1640,hydroxocobalamin hydrochloride,AA1R_HUMAN,845576.96
1641,hydrochloric acid,AA1R_HUMAN,854900.45
1642,sulbutiamine,AA1R_HUMAN,862883.99
1643,glycomacropeptides,AA1R_HUMAN,888033.70
1644,geranium,AA1R_HUMAN,896511.06
1645,methylfolate,AA1R_HUMAN,907528.82
1646,d-mannose,AA1R_HUMAN,936602.12
1647,insulin,AA1R_HUMAN,955438.40
1648,tetrahydrocannabinol,AA1R_HUMAN,955455.07
1649,pinene,AA1R_HUMAN,984631.81
1650,maltitol,AA1R_HUMAN,985810.01
1651,ecg,AA1R_HUMAN,1017311.03
1652,gamma-mangostin,AA1R_HUMAN,1033455.28
1653,lgd-4033,AA1R_HUMAN,1037809.91
1654,fursultiamine,AA1R_HUMAN,1054539.71
1655,7-keto,AA1R_HUMAN,1086300.72
1656,biotin,AA1R_HUMAN,1112980.01
1657,histosol,AA1R_HUMAN,1170597.01
1658,3;5-diiodotyrosine,AA1R_HUMAN,1215797.98
1659,arginine,AA1R_HUMAN,1248714.20
1660,n-acetyl-l-glutamine,AA1R_HUMAN,1291985.39
1661,manganese ascorbate,AA1R_HUMAN,1395816.61
1662,docosapentaenoic acid,AA1R_HUMAN,1417277.06
1663,l-leucine nitrate,AA1R_HUMAN,1423078.87
1664,potassium ascorbate,AA1R_HUMAN,1440174.07
1665,betaine hydrochloride,AA1R_HUMAN,1527680.20
1666,phytoene,AA1R_HUMAN,1588074.97
1667,alanine,AA1R_HUMAN,1659644.61
1668,xylitol,AA1R_HUMAN,1678722.93
1669,tecto-chrysin,AA1R_HUMAN,1786932.22
1670,creatine pyruvate,AA1R_HUMAN,1882525.33
1671,betaine nitrate,AA1R_HUMAN,1912572.12
1672,magnesium 2-aminoethanol phosphate,AA1R_HUMAN,1926445.74
1673,esc,AA1R_HUMAN,1938341.30
1674,glyceryl dilaurate,AA1R_HUMAN,2071453.59
1675,creatine ethyl ester hcl,AA1R_HUMAN,2084463.17
1676,iron bisglycinate,AA1R_HUMAN,2127904.56
1677,carbonates,AA1R_HUMAN,2396517.38
1678,boric acid,AA1R_HUMAN,2451223.54
1679,potassium succinate,AA1R_HUMAN,2578179.38
1680,trisodium citrate dihydrate,AA1R_HUMAN,3027950.35
1681,calcium sulfate monohydrate,AA1R_HUMAN,3267057.21
1682,zinc sulfate,AA1R_HUMAN,3582702.56
1683,phosphorus,AA1R_HUMAN,4203503.02
1684,sodium fluoride,AA1R_HUMAN,4996641.28
1685,beta-glucanase,AA1R_HUMAN,5066267.92
1686,calcium caseinate,AA1R_HUMAN,5120808.83
1687,arsenic,AA1R_HUMAN,5130340.51
